START DATE(UTC), END DATE(UTC), START TIME(LOCAL), END TIME(LOCAL), DURATION, NAME, LOCATION, NOTE

2019-10-29 08:16:10, 2019-10-29 15:24:18, 2019-10-29 01:16:10 PDT, 2019-10-29 08:24:18 PDT, 25688, Sleep, , 
2019-10-29 16:00:12, 2019-10-29 23:39:17, 2019-10-29 09:00:12 PDT, 2019-10-29 16:39:17 PDT, 27545, Home, , 
2019-10-29 23:39:17, 2019-10-29 23:41:36, 2019-10-29 16:39:17 PDT, 2019-10-29 16:41:36 PDT, 139, Walk, , 
2019-10-29 23:41:37, 2019-10-29 23:45:37, 2019-10-29 16:41:37 PDT, 2019-10-29 16:45:37 PDT, 240, Transport, , 
2019-10-29 23:45:37, 2019-10-29 23:54:06, 2019-10-29 16:45:37 PDT, 2019-10-29 16:54:06 PDT, 509, Wedding Prep, Peet’s Coffee, 
2019-10-29 23:54:29, 2019-10-30 00:15:11, 2019-10-29 16:54:29 PDT, 2019-10-29 17:15:11 PDT, 1242, Transport, , 
2019-10-30 00:22:56, 2019-10-30 00:25:51, 2019-10-29 17:22:56 PDT, 2019-10-29 17:25:51 PDT, 175, Transport, , 
2019-10-30 00:30:58, 2019-10-30 00:33:49, 2019-10-29 17:30:58 PDT, 2019-10-29 17:33:49 PDT, 171, Transport, , 
2019-10-30 03:39:09, 2019-10-30 03:56:33, 2019-10-29 20:39:09 PDT, 2019-10-29 20:56:33 PDT, 1044, Transport, , 
2019-10-30 03:56:33, 2019-10-30 04:37:32, 2019-10-29 20:56:33 PDT, 2019-10-29 21:37:32 PDT, 2459, Desert, , 
2019-10-30 04:37:32, 2019-10-30 04:44:55, 2019-10-29 21:37:32 PDT, 2019-10-29 21:44:55 PDT, 443, Transport, , 
2019-10-30 04:44:55, 2019-10-30 16:55:01, 2019-10-29 21:44:55 PDT, 2019-10-30 09:55:01 PDT, 43806, Home, , 
2019-10-30 06:37:51, 2019-10-30 15:26:46, 2019-10-29 23:37:51 PDT, 2019-10-30 08:26:46 PDT, 31735, Sleep, , 
2019-10-30 16:55:01, 2019-10-30 17:27:26, 2019-10-30 09:55:01 PDT, 2019-10-30 10:27:26 PDT, 1945, Transport, , 
2019-10-30 17:27:26, 2019-10-30 18:43:10, 2019-10-30 10:27:26 PDT, 2019-10-30 11:43:10 PDT, 4544, Wedding Prep, , 
2019-10-30 18:43:10, 2019-10-30 18:56:52, 2019-10-30 11:43:10 PDT, 2019-10-30 11:56:52 PDT, 822, Transport, , 
2019-10-30 18:56:52, 2019-10-31 00:36:46, 2019-10-30 11:56:52 PDT, 2019-10-30 17:36:46 PDT, 20394, Work, , 
2019-10-31 00:36:45, 2019-10-31 01:10:22, 2019-10-30 17:36:45 PDT, 2019-10-30 18:10:22 PDT, 2017, Commute to home, , 
2019-10-31 00:36:46, 2019-10-31 00:41:46, 2019-10-30 17:36:46 PDT, 2019-10-30 17:41:46 PDT, 300, Transport, , 
2019-10-31 00:47:00, 2019-10-31 01:10:22, 2019-10-30 17:47:00 PDT, 2019-10-30 18:10:22 PDT, 1402, Transport, , 
2019-10-31 01:10:22, 2019-10-31 03:04:14, 2019-10-30 18:10:22 PDT, 2019-10-30 20:04:14 PDT, 6832, Home, , 
2019-10-31 03:04:14, 2019-10-31 03:10:39, 2019-10-30 20:04:14 PDT, 2019-10-30 20:10:39 PDT, 385, Transport, , 
2019-10-31 03:10:39, 2019-10-31 05:14:16, 2019-10-30 20:10:39 PDT, 2019-10-30 22:14:16 PDT, 7417, Sports, , 
2019-10-31 05:14:33, 2019-10-31 05:23:36, 2019-10-30 22:14:33 PDT, 2019-10-30 22:23:36 PDT, 543, Transport, , 
2019-10-31 05:23:36, 2019-10-31 06:04:06, 2019-10-30 22:23:36 PDT, 2019-10-30 23:04:06 PDT, 2430, Desert, , 
2019-10-31 06:04:06, 2019-10-31 06:10:56, 2019-10-30 23:04:06 PDT, 2019-10-30 23:10:56 PDT, 410, Transport, , 
2019-10-31 06:10:56, 2019-10-31 16:00:19, 2019-10-30 23:10:56 PDT, 2019-10-31 09:00:19 PDT, 35363, Home, , 
2019-10-31 07:04:50, 2019-10-31 15:15:30, 2019-10-31 00:04:50 PDT, 2019-10-31 08:15:30 PDT, 29440, Sleep, , 
2019-10-31 16:00:19, 2019-10-31 16:06:02, 2019-10-31 09:00:19 PDT, 2019-10-31 09:06:02 PDT, 343, Transport, , 
2019-10-31 16:06:02, 2019-10-31 16:17:40, 2019-10-31 09:06:02 PDT, 2019-10-31 09:17:40 PDT, 698, Transport, , 
2019-10-31 16:18:25, 2019-10-31 17:07:52, 2019-10-31 09:18:25 PDT, 2019-10-31 10:07:52 PDT, 2967, Transport, , 
2019-11-01 00:19:53, 2019-11-01 00:28:58, 2019-10-31 17:19:53 PDT, 2019-10-31 17:28:58 PDT, 545, Transport, , 
2019-11-01 00:54:58, 2019-11-01 00:59:43, 2019-10-31 17:54:58 PDT, 2019-10-31 17:59:43 PDT, 285, Transport, , 
2019-11-01 01:11:34, 2019-11-01 02:03:47, 2019-10-31 18:11:34 PDT, 2019-10-31 19:03:47 PDT, 3133, Transport, , 
2019-11-01 02:03:47, 2019-11-01 16:11:06, 2019-10-31 19:03:47 PDT, 2019-11-01 09:11:06 PDT, 50839, Home, , 
2019-11-01 07:03:26, 2019-11-01 15:45:34, 2019-11-01 00:03:26 PDT, 2019-11-01 08:45:34 PDT, 31328, Sleep, , 
2019-11-01 16:11:06, 2019-11-01 16:20:18, 2019-11-01 09:11:06 PDT, 2019-11-01 09:20:18 PDT, 552, Transport, , 
2019-11-01 16:25:52, 2019-11-01 18:06:43, 2019-11-01 09:25:52 PDT, 2019-11-01 11:06:43 PDT, 6051, Doctor, Kaiser Permanente, 
2019-11-01 18:07:03, 2019-11-01 18:17:58, 2019-11-01 11:07:03 PDT, 2019-11-01 11:17:58 PDT, 655, Transport, , 
2019-11-01 18:17:58, 2019-11-01 18:36:15, 2019-11-01 11:17:58 PDT, 2019-11-01 11:36:15 PDT, 1097, Home, , 
2019-11-01 18:36:41, 2019-11-01 18:43:07, 2019-11-01 11:36:41 PDT, 2019-11-01 11:43:07 PDT, 386, Transport, , 
2019-11-01 18:43:07, 2019-11-01 19:13:02, 2019-11-01 11:43:07 PDT, 2019-11-01 12:13:02 PDT, 1795, Groceries, Pacific Supermarket, 
2019-11-01 19:13:48, 2019-11-01 19:16:24, 2019-11-01 12:13:48 PDT, 2019-11-01 12:16:24 PDT, 156, Transport, , 
2019-11-01 19:16:24, 2019-11-03 18:58:31, 2019-11-01 12:16:24 PDT, 2019-11-03 10:58:31 PST, 171727, Home, , 
2019-11-02 07:40:35, 2019-11-02 16:36:48, 2019-11-02 00:40:35 PDT, 2019-11-02 09:36:48 PDT, 32173, Sleep, , 
2019-11-03 05:59:16, 2019-11-03 18:08:02, 2019-11-02 22:59:16 PDT, 2019-11-03 10:08:02 PST, 43726, Sleep, , 
2019-11-03 18:58:31, 2019-11-03 19:03:29, 2019-11-03 10:58:31 PST, 2019-11-03 11:03:29 PST, 298, Transport, , 
2019-11-03 19:03:29, 2019-11-03 20:21:26, 2019-11-03 11:03:29 PST, 2019-11-03 12:21:26 PST, 4677, Wedding Prep, Peet’s Coffee, 
2019-11-03 20:22:01, 2019-11-03 20:27:25, 2019-11-03 12:22:01 PST, 2019-11-03 12:27:25 PST, 324, Transport, , 
2019-11-03 20:27:25, 2019-11-04 01:13:07, 2019-11-03 12:27:25 PST, 2019-11-03 17:13:07 PST, 17142, Home, , 
2019-11-04 01:13:07, 2019-11-04 01:16:33, 2019-11-03 17:13:07 PST, 2019-11-03 17:16:33 PST, 206, Walk, , 
2019-11-04 04:53:34, 2019-11-04 04:57:01, 2019-11-03 20:53:34 PST, 2019-11-03 20:57:01 PST, 207, Transport, , 
2019-11-04 04:57:01, 2019-11-04 16:55:05, 2019-11-03 20:57:01 PST, 2019-11-04 08:55:05 PST, 43084, Home, , 
2019-11-04 06:33:02, 2019-11-04 16:06:41, 2019-11-03 22:33:02 PST, 2019-11-04 08:06:41 PST, 34419, Sleep, , 
2019-11-04 16:55:05, 2019-11-04 17:01:35, 2019-11-04 08:55:05 PST, 2019-11-04 09:01:35 PST, 390, Transport, , 
2019-11-04 17:06:41, 2019-11-04 17:52:31, 2019-11-04 09:06:41 PST, 2019-11-04 09:52:31 PST, 2750, Transport, , 
2019-11-04 19:33:12, 2019-11-04 19:44:57, 2019-11-04 11:33:12 PST, 2019-11-04 11:44:57 PST, 705, Transport, , 
2019-11-04 21:44:49, 2019-11-04 22:00:13, 2019-11-04 13:44:49 PST, 2019-11-04 14:00:13 PST, 924, Transport, , 
2019-11-04 23:11:17, 2019-11-04 23:28:38, 2019-11-04 15:11:17 PST, 2019-11-04 15:28:38 PST, 1041, Transport, , 
2019-11-05 03:07:40, 2019-11-05 03:37:42, 2019-11-04 19:07:40 PST, 2019-11-04 19:37:42 PST, 1802, Transport, , 
2019-11-05 04:29:22, 2019-11-05 04:38:27, 2019-11-04 20:29:22 PST, 2019-11-04 20:38:27 PST, 545, Transport, , 
2019-11-05 04:43:58, 2019-11-05 04:46:59, 2019-11-04 20:43:58 PST, 2019-11-04 20:46:59 PST, 181, Transport, , 
2019-11-05 04:46:59, 2019-11-05 16:26:39, 2019-11-04 20:46:59 PST, 2019-11-05 08:26:39 PST, 41980, Home, , 
2019-11-05 06:57:33, 2019-11-05 15:50:32, 2019-11-04 22:57:33 PST, 2019-11-05 07:50:32 PST, 31979, Sleep, , 
2019-11-05 16:27:37, 2019-11-05 16:42:47, 2019-11-05 08:27:37 PST, 2019-11-05 08:42:47 PST, 910, Transport, , 
2019-11-05 16:42:47, 2019-11-05 18:42:54, 2019-11-05 08:42:47 PST, 2019-11-05 10:42:54 PST, 7207, Doctor, Kaiser Permanente, 
2019-11-05 18:42:54, 2019-11-05 19:01:53, 2019-11-05 10:42:54 PST, 2019-11-05 11:01:53 PST, 1139, Transport, , 
2019-11-05 19:32:51, 2019-11-05 19:36:24, 2019-11-05 11:32:51 PST, 2019-11-05 11:36:24 PST, 213, Transport, , 
2019-11-05 19:47:37, 2019-11-05 20:01:40, 2019-11-05 11:47:37 PST, 2019-11-05 12:01:40 PST, 843, Transport, , 
2019-11-06 02:46:12, 2019-11-06 02:49:54, 2019-11-05 18:46:12 PST, 2019-11-05 18:49:54 PST, 222, Transport, , 
2019-11-06 05:30:23, 2019-11-06 05:44:37, 2019-11-05 21:30:23 PST, 2019-11-05 21:44:37 PST, 854, Transport, , 
2019-11-06 05:44:37, 2019-11-06 23:33:26, 2019-11-05 21:44:37 PST, 2019-11-06 15:33:26 PST, 64129, Home, , 
2019-11-06 07:36:55, 2019-11-06 17:00:31, 2019-11-05 23:36:55 PST, 2019-11-06 09:00:31 PST, 33816, Sleep, , 
2019-11-06 23:33:26, 2019-11-06 23:39:39, 2019-11-06 15:33:26 PST, 2019-11-06 15:39:39 PST, 373, Transport, , 
2019-11-06 23:58:23, 2019-11-07 00:02:23, 2019-11-06 15:58:23 PST, 2019-11-06 16:02:23 PST, 240, Transport, , 
2019-11-07 00:55:40, 2019-11-07 00:59:09, 2019-11-06 16:55:40 PST, 2019-11-06 16:59:09 PST, 209, Transport, , 
2019-11-07 00:59:09, 2019-11-07 16:59:39, 2019-11-06 16:59:09 PST, 2019-11-07 08:59:39 PST, 57630, Home, , 
2019-11-07 07:49:38, 2019-11-07 16:34:07, 2019-11-06 23:49:38 PST, 2019-11-07 08:34:07 PST, 31469, Sleep, , 
2019-11-07 16:59:39, 2019-11-07 17:09:04, 2019-11-07 08:59:39 PST, 2019-11-07 09:09:04 PST, 565, Transport, , 
2019-11-07 17:18:38, 2019-11-07 18:12:37, 2019-11-07 09:18:38 PST, 2019-11-07 10:12:37 PST, 3239, Transport, , 
2019-11-07 19:56:40, 2019-11-07 20:22:22, 2019-11-07 11:56:40 PST, 2019-11-07 12:22:22 PST, 1542, Transport, , 
2019-11-07 21:39:48, 2019-11-07 21:43:41, 2019-11-07 13:39:48 PST, 2019-11-07 13:43:41 PST, 233, Transport, , 
2019-11-07 22:27:13, 2019-11-07 22:59:55, 2019-11-07 14:27:13 PST, 2019-11-07 14:59:55 PST, 1962, Transport, , 
2019-11-08 01:15:55, 2019-11-08 01:51:32, 2019-11-07 17:15:55 PST, 2019-11-07 17:51:32 PST, 2137, Transport, , 
2019-11-08 02:05:13, 2019-11-08 02:11:57, 2019-11-07 18:05:13 PST, 2019-11-07 18:11:57 PST, 404, Transport, , 
2019-11-08 02:18:34, 2019-11-08 02:24:56, 2019-11-07 18:18:34 PST, 2019-11-07 18:24:56 PST, 382, Transport, , 
2019-11-08 02:24:56, 2019-11-08 18:40:59, 2019-11-07 18:24:56 PST, 2019-11-08 10:40:59 PST, 58563, Home, , 
2019-11-08 06:40:53, 2019-11-08 17:00:13, 2019-11-07 22:40:53 PST, 2019-11-08 09:00:13 PST, 37160, Sleep, , 
2019-11-08 18:40:59, 2019-11-08 18:53:32, 2019-11-08 10:40:59 PST, 2019-11-08 10:53:32 PST, 753, Transport, , 
2019-11-08 18:53:32, 2019-11-08 20:08:17, 2019-11-08 10:53:32 PST, 2019-11-08 12:08:17 PST, 4485, Doctor, Kaiser Permanente, 
2019-11-08 20:08:39, 2019-11-08 20:18:07, 2019-11-08 12:08:39 PST, 2019-11-08 12:18:07 PST, 568, Transport, , 
2019-11-08 20:18:07, 2019-11-10 21:03:48, 2019-11-08 12:18:07 PST, 2019-11-10 13:03:48 PST, 175541, Home, , 
2019-11-09 07:25:35, 2019-11-09 16:25:31, 2019-11-08 23:25:35 PST, 2019-11-09 08:25:31 PST, 32396, Sleep, , 
2019-11-10 07:23:45, 2019-11-10 16:35:22, 2019-11-09 23:23:45 PST, 2019-11-10 08:35:22 PST, 33097, Sleep, , 
2019-11-10 21:03:48, 2019-11-10 21:45:15, 2019-11-10 13:03:48 PST, 2019-11-10 13:45:15 PST, 2487, Transport, , 
2019-11-11 00:29:38, 2019-11-11 00:35:59, 2019-11-10 16:29:38 PST, 2019-11-10 16:35:59 PST, 381, Transport, , 
2019-11-11 00:53:32, 2019-11-11 01:24:16, 2019-11-10 16:53:32 PST, 2019-11-10 17:24:16 PST, 1844, Transport, , 
2019-11-11 01:50:52, 2019-11-11 02:02:21, 2019-11-10 17:50:52 PST, 2019-11-10 18:02:21 PST, 689, Transport, , 
2019-11-11 05:21:43, 2019-11-11 05:31:52, 2019-11-10 21:21:43 PST, 2019-11-10 21:31:52 PST, 609, Transport, , 
2019-11-11 05:31:52, 2019-11-11 16:56:26, 2019-11-10 21:31:52 PST, 2019-11-11 08:56:26 PST, 41074, Home, , 
2019-11-11 07:30:44, 2019-11-11 16:05:22, 2019-11-10 23:30:44 PST, 2019-11-11 08:05:22 PST, 30878, Sleep, , 
2019-11-11 16:56:26, 2019-11-11 17:02:12, 2019-11-11 08:56:26 PST, 2019-11-11 09:02:12 PST, 346, Transport, , 
2019-11-11 17:19:39, 2019-11-11 17:32:40, 2019-11-11 09:19:39 PST, 2019-11-11 09:32:40 PST, 781, Transport, , 
2019-11-11 17:41:01, 2019-11-11 18:11:38, 2019-11-11 09:41:01 PST, 2019-11-11 10:11:38 PST, 1837, Transport, , 
2019-11-12 03:37:13, 2019-11-12 04:31:03, 2019-11-11 19:37:13 PST, 2019-11-11 20:31:03 PST, 3230, Transport, , 
2019-11-12 04:31:03, 2019-11-12 15:38:32, 2019-11-11 20:31:03 PST, 2019-11-12 07:38:32 PST, 40049, Home, , 
2019-11-12 07:00:48, 2019-11-12 15:00:09, 2019-11-11 23:00:48 PST, 2019-11-12 07:00:09 PST, 28761, Sleep, , 
2019-11-12 15:38:32, 2019-11-12 16:06:13, 2019-11-12 07:38:32 PST, 2019-11-12 08:06:13 PST, 1661, Transport, , 
2019-11-13 00:08:55, 2019-11-13 00:18:08, 2019-11-12 16:08:55 PST, 2019-11-12 16:18:08 PST, 553, Transport, , 
2019-11-13 01:52:14, 2019-11-13 01:56:54, 2019-11-12 17:52:14 PST, 2019-11-12 17:56:54 PST, 280, Transport, , 
2019-11-13 05:21:06, 2019-11-13 05:35:41, 2019-11-12 21:21:06 PST, 2019-11-12 21:35:41 PST, 875, Transport, , 
2019-11-13 05:35:41, 2019-11-13 20:54:00, 2019-11-12 21:35:41 PST, 2019-11-13 12:54:00 PST, 55099, Home, , 
2019-11-13 08:28:07, 2019-11-13 18:06:18, 2019-11-13 00:28:07 PST, 2019-11-13 10:06:18 PST, 34691, Sleep, , 
2019-11-13 20:54:00, 2019-11-13 21:00:23, 2019-11-13 12:54:00 PST, 2019-11-13 13:00:23 PST, 383, Transport, , 
2019-11-13 21:07:31, 2019-11-13 21:11:27, 2019-11-13 13:07:31 PST, 2019-11-13 13:11:27 PST, 236, Transport, , 
2019-11-13 21:22:08, 2019-11-13 21:33:51, 2019-11-13 13:22:08 PST, 2019-11-13 13:33:51 PST, 703, Transport, , 
2019-11-13 21:33:51, 2019-11-14 17:00:51, 2019-11-13 13:33:51 PST, 2019-11-14 09:00:51 PST, 70020, Home, , 
2019-11-14 09:04:31, 2019-11-14 16:31:55, 2019-11-14 01:04:31 PST, 2019-11-14 08:31:55 PST, 26844, Sleep, , 
2019-11-14 17:01:21, 2019-11-14 17:06:32, 2019-11-14 09:01:21 PST, 2019-11-14 09:06:32 PST, 311, Transport, , 
2019-11-14 17:18:06, 2019-11-14 17:33:00, 2019-11-14 09:18:06 PST, 2019-11-14 09:33:00 PST, 894, Transport, , 
2019-11-14 17:40:34, 2019-11-14 18:09:25, 2019-11-14 09:40:34 PST, 2019-11-14 10:09:25 PST, 1731, Transport, , 
2019-11-14 19:55:19, 2019-11-14 19:58:03, 2019-11-14 11:55:19 PST, 2019-11-14 11:58:03 PST, 164, Walk, , 
2019-11-14 19:58:04, 2019-11-14 20:03:50, 2019-11-14 11:58:04 PST, 2019-11-14 12:03:50 PST, 346, Transport, , 
2019-11-14 22:20:45, 2019-11-14 22:26:33, 2019-11-14 14:20:45 PST, 2019-11-14 14:26:33 PST, 348, Transport, , 
2019-11-15 01:06:51, 2019-11-15 01:12:50, 2019-11-14 17:06:51 PST, 2019-11-14 17:12:50 PST, 359, Walk, , 
2019-11-15 01:32:18, 2019-11-15 02:13:35, 2019-11-14 17:32:18 PST, 2019-11-14 18:13:35 PST, 2477, Transport, , 
2019-11-15 02:13:35, 2019-11-15 02:21:08, 2019-11-14 18:13:35 PST, 2019-11-14 18:21:08 PST, 453, Wedding Prep, Peet’s Coffee, 
2019-11-15 02:21:08, 2019-11-15 02:28:33, 2019-11-14 18:21:08 PST, 2019-11-14 18:28:33 PST, 445, Transport, , 
2019-11-15 02:28:33, 2019-11-15 17:10:59, 2019-11-14 18:28:33 PST, 2019-11-15 09:10:59 PST, 52946, Home, , 
2019-11-15 06:37:05, 2019-11-15 16:27:41, 2019-11-14 22:37:05 PST, 2019-11-15 08:27:41 PST, 35436, Sleep, , 
2019-11-15 17:10:59, 2019-11-15 17:39:02, 2019-11-15 09:10:59 PST, 2019-11-15 09:39:02 PST, 1683, Transport, , 
2019-11-15 21:31:45, 2019-11-15 21:47:39, 2019-11-15 13:31:45 PST, 2019-11-15 13:47:39 PST, 954, Transport, , 
2019-11-15 21:47:39, 2019-11-15 22:20:59, 2019-11-15 13:47:39 PST, 2019-11-15 14:20:59 PST, 2000, Groceries, Pacific Supermarket, 
2019-11-15 22:21:33, 2019-11-15 22:24:17, 2019-11-15 14:21:33 PST, 2019-11-15 14:24:17 PST, 164, Transport, , 
2019-11-15 22:24:17, 2019-11-16 00:11:53, 2019-11-15 14:24:17 PST, 2019-11-15 16:11:53 PST, 6456, Home, , 
2019-11-16 00:11:53, 2019-11-16 00:16:39, 2019-11-15 16:11:53 PST, 2019-11-15 16:16:39 PST, 286, Transport, , 
2019-11-16 00:16:39, 2019-11-16 00:36:24, 2019-11-15 16:16:39 PST, 2019-11-15 16:36:24 PST, 1185, Groceries, Pacific Supermarket, 
2019-11-16 00:36:59, 2019-11-16 00:40:06, 2019-11-15 16:36:59 PST, 2019-11-15 16:40:06 PST, 187, Transport, , 
2019-11-16 00:40:06, 2019-11-16 01:51:39, 2019-11-15 16:40:06 PST, 2019-11-15 17:51:39 PST, 4293, Home, , 
2019-11-16 01:51:39, 2019-11-16 02:04:50, 2019-11-15 17:51:39 PST, 2019-11-15 18:04:50 PST, 791, Transport, , 
2019-11-16 02:04:50, 2019-11-17 18:25:58, 2019-11-15 18:04:50 PST, 2019-11-17 10:25:58 PST, 145268, Home, , 
2019-11-16 08:08:50, 2019-11-16 19:23:43, 2019-11-16 00:08:50 PST, 2019-11-16 11:23:43 PST, 40493, Sleep, , 
2019-11-17 05:40:38, 2019-11-17 17:17:08, 2019-11-16 21:40:38 PST, 2019-11-17 09:17:08 PST, 41790, Sleep, , 
2019-11-17 18:25:58, 2019-11-17 19:03:53, 2019-11-17 10:25:58 PST, 2019-11-17 11:03:53 PST, 2275, Transport, , 
2019-11-17 19:03:53, 2019-11-17 19:53:03, 2019-11-17 11:03:53 PST, 2019-11-17 11:53:03 PST, 2950, Wedding Prep, , 
2019-11-17 19:53:03, 2019-11-17 20:01:44, 2019-11-17 11:53:03 PST, 2019-11-17 12:01:44 PST, 521, Transport, , 
2019-11-17 20:01:44, 2019-11-17 21:42:41, 2019-11-17 12:01:44 PST, 2019-11-17 13:42:41 PST, 6057, Wedding Prep, , 
2019-11-17 21:42:41, 2019-11-17 22:24:06, 2019-11-17 13:42:41 PST, 2019-11-17 14:24:06 PST, 2485, Transport, , 
2019-11-17 22:24:27, 2019-11-18 16:56:57, 2019-11-17 14:24:27 PST, 2019-11-18 08:56:57 PST, 66750, Home, , 
2019-11-18 09:08:09, 2019-11-18 16:52:54, 2019-11-18 01:08:09 PST, 2019-11-18 08:52:54 PST, 27885, Sleep, , 
2019-11-18 16:56:57, 2019-11-18 17:06:24, 2019-11-18 08:56:57 PST, 2019-11-18 09:06:24 PST, 567, Transport, , 
2019-11-18 17:06:24, 2019-11-18 17:22:01, 2019-11-18 09:06:24 PST, 2019-11-18 09:22:01 PST, 937, Dinner, , 
2019-11-18 17:22:23, 2019-11-18 17:27:24, 2019-11-18 09:22:23 PST, 2019-11-18 09:27:24 PST, 301, Transport, , 
2019-11-18 17:38:17, 2019-11-18 17:45:23, 2019-11-18 09:38:17 PST, 2019-11-18 09:45:23 PST, 426, Transport, , 
2019-11-18 17:45:23, 2019-11-18 18:25:09, 2019-11-18 09:45:23 PST, 2019-11-18 10:25:09 PST, 2386, Home, , 
2019-11-18 18:26:00, 2019-11-18 18:35:15, 2019-11-18 10:26:00 PST, 2019-11-18 10:35:15 PST, 555, Transport, , 
2019-11-18 18:35:15, 2019-11-18 19:58:41, 2019-11-18 10:35:15 PST, 2019-11-18 11:58:41 PST, 5006, Doctor, Kaiser Permanente, 
2019-11-18 19:58:49, 2019-11-18 20:03:49, 2019-11-18 11:58:49 PST, 2019-11-18 12:03:49 PST, 300, Transport, , 
2019-11-18 20:11:11, 2019-11-18 20:16:06, 2019-11-18 12:11:11 PST, 2019-11-18 12:16:06 PST, 295, Transport, , 
2019-11-18 20:16:06, 2019-11-18 21:38:56, 2019-11-18 12:16:06 PST, 2019-11-18 13:38:56 PST, 4970, Lunch, , 
2019-11-18 21:39:20, 2019-11-18 21:48:05, 2019-11-18 13:39:20 PST, 2019-11-18 13:48:05 PST, 525, Transport, , 
2019-11-18 21:48:05, 2019-11-19 02:45:39, 2019-11-18 13:48:05 PST, 2019-11-18 18:45:39 PST, 17854, Home, , 
2019-11-19 02:46:30, 2019-11-19 02:51:01, 2019-11-18 18:46:30 PST, 2019-11-18 18:51:01 PST, 271, Transport, , 
2019-11-19 02:57:46, 2019-11-19 03:04:06, 2019-11-18 18:57:46 PST, 2019-11-18 19:04:06 PST, 380, Transport, , 
2019-11-19 03:04:06, 2019-11-19 17:06:54, 2019-11-18 19:04:06 PST, 2019-11-19 09:06:54 PST, 50568, Home, , 
2019-11-19 06:26:04, 2019-11-19 16:25:35, 2019-11-18 22:26:04 PST, 2019-11-19 08:25:35 PST, 35971, Sleep, , 
2019-11-19 17:06:54, 2019-11-19 17:35:39, 2019-11-19 09:06:54 PST, 2019-11-19 09:35:39 PST, 1725, Transport, , 
2019-11-19 17:41:49, 2019-11-19 18:10:02, 2019-11-19 09:41:49 PST, 2019-11-19 10:10:02 PST, 1693, Transport, , 
2019-11-19 18:10:02, 2019-11-20 01:18:12, 2019-11-19 10:10:02 PST, 2019-11-19 17:18:12 PST, 25690, Lunch, , 
2019-11-20 01:32:21, 2019-11-20 02:23:18, 2019-11-19 17:32:21 PST, 2019-11-19 18:23:18 PST, 3057, Transport, , 
2019-11-20 02:23:18, 2019-11-20 16:39:31, 2019-11-19 18:23:18 PST, 2019-11-20 08:39:31 PST, 51373, Home, , 
2019-11-20 06:34:18, 2019-11-20 16:14:21, 2019-11-19 22:34:18 PST, 2019-11-20 08:14:21 PST, 34803, Sleep, , 
2019-11-20 16:39:31, 2019-11-20 17:40:15, 2019-11-20 08:39:31 PST, 2019-11-20 09:40:15 PST, 3644, Transport, , 
2019-11-20 17:40:15, 2019-11-20 18:41:08, 2019-11-20 09:40:15 PST, 2019-11-20 10:41:08 PST, 3653, Coffee, , 
2019-11-20 18:41:08, 2019-11-20 18:47:11, 2019-11-20 10:41:08 PST, 2019-11-20 10:47:11 PST, 363, Walk, , 
2019-11-20 18:47:12, 2019-11-20 20:13:24, 2019-11-20 10:47:12 PST, 2019-11-20 12:13:24 PST, 5172, Work, , 
2019-11-20 20:13:24, 2019-11-20 20:30:16, 2019-11-20 12:13:24 PST, 2019-11-20 12:30:16 PST, 1012, Walk, , 
2019-11-20 20:30:17, 2019-11-20 22:01:43, 2019-11-20 12:30:17 PST, 2019-11-20 14:01:43 PST, 5486, Lunch, , 
2019-11-20 22:01:43, 2019-11-20 22:23:14, 2019-11-20 14:01:43 PST, 2019-11-20 14:23:14 PST, 1291, Work, , 
2019-11-20 22:23:13, 2019-11-20 23:10:34, 2019-11-20 14:23:13 PST, 2019-11-20 15:10:34 PST, 2841, Commute to home, , 
2019-11-20 22:23:14, 2019-11-20 23:10:34, 2019-11-20 14:23:14 PST, 2019-11-20 15:10:34 PST, 2840, Transport, , 
2019-11-20 23:10:34, 2019-11-21 17:02:30, 2019-11-20 15:10:34 PST, 2019-11-21 09:02:30 PST, 64316, Home, , 
2019-11-21 07:46:06, 2019-11-21 16:42:05, 2019-11-20 23:46:06 PST, 2019-11-21 08:42:05 PST, 32159, Sleep, , 
2019-11-21 17:02:30, 2019-11-21 17:14:18, 2019-11-21 09:02:30 PST, 2019-11-21 09:14:18 PST, 708, Transport, , 
2019-11-21 17:14:18, 2019-11-21 17:19:26, 2019-11-21 09:14:18 PST, 2019-11-21 09:19:26 PST, 308, Dinner, , 
2019-11-21 17:19:27, 2019-11-21 17:35:16, 2019-11-21 09:19:27 PST, 2019-11-21 09:35:16 PST, 949, Coffee, , 
2019-11-21 17:35:16, 2019-11-21 17:41:00, 2019-11-21 09:35:16 PST, 2019-11-21 09:41:00 PST, 344, Transport, , 
2019-11-21 17:41:00, 2019-11-22 02:05:56, 2019-11-21 09:41:00 PST, 2019-11-21 18:05:56 PST, 30296, Home, , 
2019-11-22 02:05:56, 2019-11-22 02:11:48, 2019-11-21 18:05:56 PST, 2019-11-21 18:11:48 PST, 352, Transport, , 
2019-11-22 02:11:48, 2019-11-22 02:34:34, 2019-11-21 18:11:48 PST, 2019-11-21 18:34:34 PST, 1366, Wedding Prep, Peet’s Coffee, 
2019-11-22 02:34:34, 2019-11-22 02:40:38, 2019-11-21 18:34:34 PST, 2019-11-21 18:40:38 PST, 364, Transport, , 
2019-11-22 02:40:38, 2019-11-24 02:27:17, 2019-11-21 18:40:38 PST, 2019-11-23 18:27:17 PST, 171999, Home, , 
2019-11-22 09:35:17, 2019-11-22 16:34:15, 2019-11-22 01:35:17 PST, 2019-11-22 08:34:15 PST, 25138, Sleep, , 
2019-11-23 08:34:26, 2019-11-23 17:30:50, 2019-11-23 00:34:26 PST, 2019-11-23 09:30:50 PST, 32184, Sleep, , 
2019-11-24 02:27:17, 2019-11-24 02:31:15, 2019-11-23 18:27:17 PST, 2019-11-23 18:31:15 PST, 238, Transport, , 
2019-11-24 02:31:15, 2019-11-24 03:46:04, 2019-11-23 18:31:15 PST, 2019-11-23 19:46:04 PST, 4489, Friends, , 
2019-11-24 03:46:26, 2019-11-24 04:03:00, 2019-11-23 19:46:26 PST, 2019-11-23 20:03:00 PST, 994, Transport, , 
2019-11-24 04:03:00, 2019-11-24 06:11:57, 2019-11-23 20:03:00 PST, 2019-11-23 22:11:57 PST, 7737, Dinner, , 
2019-11-24 06:13:53, 2019-11-24 06:29:04, 2019-11-23 22:13:53 PST, 2019-11-23 22:29:04 PST, 911, Transport, , 
2019-11-24 06:29:04, 2019-11-25 16:59:16, 2019-11-23 22:29:04 PST, 2019-11-25 08:59:16 PST, 124212, Home, , 
2019-11-24 07:37:43, 2019-11-24 18:30:32, 2019-11-23 23:37:43 PST, 2019-11-24 10:30:32 PST, 39169, Sleep, , 
2019-11-25 06:34:35, 2019-11-25 16:32:12, 2019-11-24 22:34:35 PST, 2019-11-25 08:32:12 PST, 35857, Sleep, , 
2019-11-25 16:59:16, 2019-11-25 17:04:35, 2019-11-25 08:59:16 PST, 2019-11-25 09:04:35 PST, 319, Transport, , 
2019-11-25 17:04:35, 2019-11-25 17:17:55, 2019-11-25 09:04:35 PST, 2019-11-25 09:17:55 PST, 800, Dinner, , 
2019-11-25 17:17:55, 2019-11-25 17:32:30, 2019-11-25 09:17:55 PST, 2019-11-25 09:32:30 PST, 875, Transport, , 
2019-11-25 17:41:40, 2019-11-25 18:09:42, 2019-11-25 09:41:40 PST, 2019-11-25 10:09:42 PST, 1682, Transport, , 
2019-11-25 23:45:18, 2019-11-26 00:35:39, 2019-11-25 15:45:18 PST, 2019-11-25 16:35:39 PST, 3021, Transport, , 
2019-11-26 00:35:39, 2019-11-26 01:13:34, 2019-11-25 16:35:39 PST, 2019-11-25 17:13:34 PST, 2275, Dinner, , 
2019-11-26 01:13:34, 2019-11-26 01:19:55, 2019-11-25 17:13:34 PST, 2019-11-25 17:19:55 PST, 381, Transport, , 
2019-11-26 01:24:31, 2019-11-26 16:17:22, 2019-11-25 17:24:31 PST, 2019-11-26 08:17:22 PST, 53571, Home, , 
2019-11-26 08:03:00, 2019-11-26 15:30:07, 2019-11-26 00:03:00 PST, 2019-11-26 07:30:07 PST, 26827, Sleep, , 
2019-11-26 16:17:22, 2019-11-26 16:48:39, 2019-11-26 08:17:22 PST, 2019-11-26 08:48:39 PST, 1877, Transport, , 
2019-11-26 16:53:39, 2019-11-26 16:59:01, 2019-11-26 08:53:39 PST, 2019-11-26 08:59:01 PST, 322, Transport, , 
2019-11-26 17:39:02, 2019-11-26 17:58:32, 2019-11-26 09:39:02 PST, 2019-11-26 09:58:32 PST, 1170, Transport, , 
2019-11-26 18:04:45, 2019-11-26 18:07:29, 2019-11-26 10:04:45 PST, 2019-11-26 10:07:29 PST, 164, Transport, , 
2019-11-26 18:20:07, 2019-11-26 18:28:56, 2019-11-26 10:20:07 PST, 2019-11-26 10:28:56 PST, 529, Transport, , 
2019-11-26 18:28:56, 2019-11-27 00:39:53, 2019-11-26 10:28:56 PST, 2019-11-26 16:39:53 PST, 22257, Home, , 
2019-11-27 00:40:48, 2019-11-27 00:43:06, 2019-11-26 16:40:48 PST, 2019-11-26 16:43:06 PST, 138, Transport, , 
2019-11-27 00:43:06, 2019-11-27 01:40:50, 2019-11-26 16:43:06 PST, 2019-11-26 17:40:50 PST, 3464, Friends, , 
2019-11-27 01:41:44, 2019-11-27 02:01:45, 2019-11-26 17:41:44 PST, 2019-11-26 18:01:45 PST, 1201, Transport, , 
2019-11-27 04:50:47, 2019-11-27 05:11:03, 2019-11-26 20:50:47 PST, 2019-11-26 21:11:03 PST, 1216, Transport, , 
2019-11-27 05:11:03, 2019-11-27 17:05:56, 2019-11-26 21:11:03 PST, 2019-11-27 09:05:56 PST, 42893, Home, , 
2019-11-27 09:32:24, 2019-11-27 16:25:05, 2019-11-27 01:32:24 PST, 2019-11-27 08:25:05 PST, 24761, Sleep, , 
2019-11-27 17:05:56, 2019-11-27 17:10:59, 2019-11-27 09:05:56 PST, 2019-11-27 09:10:59 PST, 303, Transport, , 
2019-11-27 17:10:59, 2019-11-27 17:17:18, 2019-11-27 09:10:59 PST, 2019-11-27 09:17:18 PST, 379, Dinner, , 
2019-11-27 17:19:13, 2019-11-27 18:02:22, 2019-11-27 09:19:13 PST, 2019-11-27 10:02:22 PST, 2589, Transport, , 
2019-11-27 22:43:11, 2019-11-27 23:42:43, 2019-11-27 14:43:11 PST, 2019-11-27 15:42:43 PST, 3572, Transport, , 
2019-11-27 23:42:43, 2019-11-28 01:22:31, 2019-11-27 15:42:43 PST, 2019-11-27 17:22:31 PST, 5988, Home, , 
2019-11-28 01:22:31, 2019-11-28 01:24:50, 2019-11-27 17:22:31 PST, 2019-11-27 17:24:50 PST, 139, Walk, , 
2019-11-28 01:39:40, 2019-11-28 01:54:42, 2019-11-27 17:39:40 PST, 2019-11-27 17:54:42 PST, 902, Transport, , 
2019-11-28 02:05:55, 2019-11-28 02:12:34, 2019-11-27 18:05:55 PST, 2019-11-27 18:12:34 PST, 399, Walk, , 
2019-11-28 06:03:35, 2019-11-28 06:13:27, 2019-11-27 22:03:35 PST, 2019-11-27 22:13:27 PST, 592, Walk, , 
2019-11-28 06:24:20, 2019-11-28 06:42:31, 2019-11-27 22:24:20 PST, 2019-11-27 22:42:31 PST, 1091, Transport, , 
2019-11-28 06:42:31, 2019-11-30 00:21:04, 2019-11-27 22:42:31 PST, 2019-11-29 16:21:04 PST, 149913, Home, , 
2019-11-28 07:47:29, 2019-11-28 13:45:04, 2019-11-27 23:47:29 PST, 2019-11-28 05:45:04 PST, 21455, Sleep, , 
2019-11-29 06:51:42, 2019-11-29 18:24:50, 2019-11-28 22:51:42 PST, 2019-11-29 10:24:50 PST, 41588, Sleep, , 
2019-11-30 00:21:04, 2019-11-30 00:24:29, 2019-11-29 16:21:04 PST, 2019-11-29 16:24:29 PST, 205, Transport, , 
2019-11-30 01:10:29, 2019-11-30 01:18:53, 2019-11-29 17:10:29 PST, 2019-11-29 17:18:53 PST, 504, Transport, , 
2019-11-30 01:44:20, 2019-11-30 01:56:32, 2019-11-29 17:44:20 PST, 2019-11-29 17:56:32 PST, 732, Transport, , 
2019-11-30 01:56:32, 2019-11-30 22:38:21, 2019-11-29 17:56:32 PST, 2019-11-30 14:38:21 PST, 74509, Home, , 
2019-11-30 08:24:47, 2019-11-30 16:45:04, 2019-11-30 00:24:47 PST, 2019-11-30 08:45:04 PST, 30017, Sleep, , 
2019-11-30 22:38:21, 2019-11-30 22:43:30, 2019-11-30 14:38:21 PST, 2019-11-30 14:43:30 PST, 309, Transport, , 
2019-11-30 22:43:30, 2019-11-30 22:55:49, 2019-11-30 14:43:30 PST, 2019-11-30 14:55:49 PST, 739, Coffee, , 
2019-11-30 22:56:39, 2019-11-30 23:03:16, 2019-11-30 14:56:39 PST, 2019-11-30 15:03:16 PST, 397, Transport, , 
2019-12-01 01:11:20, 2019-12-01 01:25:40, 2019-11-30 17:11:20 PST, 2019-11-30 17:25:40 PST, 860, Friends, , 
2019-12-01 01:25:40, 2019-12-01 01:29:11, 2019-11-30 17:25:40 PST, 2019-11-30 17:29:11 PST, 211, Transport, , 
2019-12-01 01:29:11, 2019-12-02 01:04:43, 2019-11-30 17:29:11 PST, 2019-12-01 17:04:43 PST, 84932, Home, , 
2019-12-01 09:09:04, 2019-12-01 16:45:05, 2019-12-01 01:09:04 PST, 2019-12-01 08:45:05 PST, 27361, Sleep, , 
2019-12-02 01:05:50, 2019-12-02 01:09:03, 2019-12-01 17:05:50 PST, 2019-12-01 17:09:03 PST, 193, Transport, , 
2019-12-02 01:09:03, 2019-12-02 01:27:10, 2019-12-01 17:09:03 PST, 2019-12-01 17:27:10 PST, 1087, Groceries, Pacific Supermarket, 
2019-12-02 01:27:36, 2019-12-02 01:30:40, 2019-12-01 17:27:36 PST, 2019-12-01 17:30:40 PST, 184, Transport, , 
2019-12-02 01:30:40, 2019-12-02 17:00:42, 2019-12-01 17:30:40 PST, 2019-12-02 09:00:42 PST, 55802, Home, , 
2019-12-02 09:12:12, 2019-12-02 15:57:31, 2019-12-02 01:12:12 PST, 2019-12-02 07:57:31 PST, 24319, Sleep, , 
2019-12-02 17:00:41, 2019-12-02 18:14:08, 2019-12-02 09:00:41 PST, 2019-12-02 10:14:08 PST, 4407, Commute to work, , 
2019-12-02 17:00:42, 2019-12-02 17:50:09, 2019-12-02 09:00:42 PST, 2019-12-02 09:50:09 PST, 2967, Transport, , 
2019-12-02 17:50:09, 2019-12-02 18:11:48, 2019-12-02 09:50:09 PST, 2019-12-02 10:11:48 PST, 1299, Transport, , 
2019-12-02 18:11:48, 2019-12-02 18:14:08, 2019-12-02 10:11:48 PST, 2019-12-02 10:14:08 PST, 140, Transport, , 
2019-12-02 18:14:08, 2019-12-03 03:36:09, 2019-12-02 10:14:08 PST, 2019-12-02 19:36:09 PST, 33721, Work, , 
2019-12-03 03:36:08, 2019-12-03 04:31:07, 2019-12-02 19:36:08 PST, 2019-12-02 20:31:07 PST, 3299, Commute to home, , 
2019-12-03 03:36:42, 2019-12-03 04:31:07, 2019-12-02 19:36:42 PST, 2019-12-02 20:31:07 PST, 3265, Transport, , 
2019-12-03 04:31:07, 2019-12-03 17:00:13, 2019-12-02 20:31:07 PST, 2019-12-03 09:00:13 PST, 44946, Home, , 
2019-12-03 08:37:51, 2019-12-03 16:15:10, 2019-12-03 00:37:51 PST, 2019-12-03 08:15:10 PST, 27439, Sleep, , 
2019-12-03 17:00:12, 2019-12-03 17:25:09, 2019-12-03 09:00:12 PST, 2019-12-03 09:25:09 PST, 1497, Commute to work, , 
2019-12-03 17:00:13, 2019-12-03 17:25:09, 2019-12-03 09:00:13 PST, 2019-12-03 09:25:09 PST, 1496, Transport, , 
2019-12-03 17:25:09, 2019-12-03 19:47:32, 2019-12-03 09:25:09 PST, 2019-12-03 11:47:32 PST, 8543, Work, , 
2019-12-03 19:47:32, 2019-12-03 19:50:25, 2019-12-03 11:47:32 PST, 2019-12-03 11:50:25 PST, 173, Transport, , 
2019-12-03 19:50:25, 2019-12-03 20:41:56, 2019-12-03 11:50:25 PST, 2019-12-03 12:41:56 PST, 3091, Coffee, , 
2019-12-03 20:42:10, 2019-12-03 20:52:59, 2019-12-03 12:42:10 PST, 2019-12-03 12:52:59 PST, 649, Transport, , 
2019-12-03 20:52:59, 2019-12-03 21:16:37, 2019-12-03 12:52:59 PST, 2019-12-03 13:16:37 PST, 1418, Transport, , 
2019-12-03 21:17:23, 2019-12-03 22:02:06, 2019-12-03 13:17:23 PST, 2019-12-03 14:02:06 PST, 2683, Transport, , 
2019-12-03 22:02:06, 2019-12-04 02:15:08, 2019-12-03 14:02:06 PST, 2019-12-03 18:15:08 PST, 15182, Work, , 
2019-12-04 02:31:20, 2019-12-04 03:10:33, 2019-12-03 18:31:20 PST, 2019-12-03 19:10:33 PST, 2353, Transport, , 
2019-12-04 03:10:33, 2019-12-04 03:16:58, 2019-12-03 19:10:33 PST, 2019-12-03 19:16:58 PST, 385, Dinner, , 
2019-12-04 03:17:09, 2019-12-04 03:27:57, 2019-12-03 19:17:09 PST, 2019-12-03 19:27:57 PST, 648, Transport, , 
2019-12-04 03:27:57, 2019-12-04 04:08:23, 2019-12-03 19:27:57 PST, 2019-12-03 20:08:23 PST, 2426, Dinner, , 
2019-12-04 04:08:23, 2019-12-04 04:21:41, 2019-12-03 20:08:23 PST, 2019-12-03 20:21:41 PST, 798, Transport, , 
2019-12-04 04:21:41, 2019-12-04 17:07:46, 2019-12-03 20:21:41 PST, 2019-12-04 09:07:46 PST, 45965, Home, , 
2019-12-04 07:50:37, 2019-12-04 16:24:22, 2019-12-03 23:50:37 PST, 2019-12-04 08:24:22 PST, 30825, Sleep, , 
2019-12-04 17:07:45, 2019-12-04 18:03:11, 2019-12-04 09:07:45 PST, 2019-12-04 10:03:11 PST, 3326, Commute to work, , 
2019-12-04 17:07:57, 2019-12-04 17:12:46, 2019-12-04 09:07:57 PST, 2019-12-04 09:12:46 PST, 289, Transport, , 
2019-12-04 17:19:11, 2019-12-04 18:03:11, 2019-12-04 09:19:11 PST, 2019-12-04 10:03:11 PST, 2640, Transport, , 
2019-12-04 18:03:11, 2019-12-04 21:25:00, 2019-12-04 10:03:11 PST, 2019-12-04 13:25:00 PST, 12109, Work, , 
2019-12-04 21:25:45, 2019-12-04 23:06:09, 2019-12-04 13:25:45 PST, 2019-12-04 15:06:09 PST, 6024, Beauty, , 
2019-12-04 23:06:09, 2019-12-05 01:16:15, 2019-12-04 15:06:09 PST, 2019-12-04 17:16:15 PST, 7806, Work, , 
2019-12-05 01:16:14, 2019-12-05 02:23:28, 2019-12-04 17:16:14 PST, 2019-12-04 18:23:28 PST, 4034, Commute to home, , 
2019-12-05 01:16:15, 2019-12-05 01:18:53, 2019-12-04 17:16:15 PST, 2019-12-04 17:18:53 PST, 158, Transport, , 
2019-12-05 01:32:35, 2019-12-05 02:23:28, 2019-12-04 17:32:35 PST, 2019-12-04 18:23:28 PST, 3053, Transport, , 
2019-12-05 02:23:28, 2019-12-05 17:02:44, 2019-12-04 18:23:28 PST, 2019-12-05 09:02:44 PST, 52756, Home, , 
2019-12-05 08:33:19, 2019-12-05 16:57:45, 2019-12-05 00:33:19 PST, 2019-12-05 08:57:45 PST, 30266, Sleep, , 
2019-12-05 17:02:43, 2019-12-05 18:02:35, 2019-12-05 09:02:43 PST, 2019-12-05 10:02:35 PST, 3592, Commute to work, , 
2019-12-05 17:03:38, 2019-12-05 17:07:45, 2019-12-05 09:03:38 PST, 2019-12-05 09:07:45 PST, 247, Transport, , 
2019-12-05 17:18:32, 2019-12-05 18:02:35, 2019-12-05 09:18:32 PST, 2019-12-05 10:02:35 PST, 2643, Transport, , 
2019-12-05 18:02:35, 2019-12-05 19:40:21, 2019-12-05 10:02:35 PST, 2019-12-05 11:40:21 PST, 5866, Work, , 
2019-12-05 19:40:50, 2019-12-05 19:55:10, 2019-12-05 11:40:50 PST, 2019-12-05 11:55:10 PST, 860, Transport, , 
2019-12-05 19:55:10, 2019-12-05 20:02:35, 2019-12-05 11:55:10 PST, 2019-12-05 12:02:35 PST, 445, Walk, , 
2019-12-05 20:02:36, 2019-12-05 21:11:03, 2019-12-05 12:02:36 PST, 2019-12-05 13:11:03 PST, 4107, Lunch, , 
2019-12-05 21:11:08, 2019-12-05 21:26:35, 2019-12-05 13:11:08 PST, 2019-12-05 13:26:35 PST, 927, Transport, , 
2019-12-05 21:39:14, 2019-12-06 01:13:15, 2019-12-05 13:39:14 PST, 2019-12-05 17:13:15 PST, 12841, Work, , 
2019-12-06 01:13:14, 2019-12-06 02:27:23, 2019-12-05 17:13:14 PST, 2019-12-05 18:27:23 PST, 4449, Commute to home, , 
2019-12-06 01:13:15, 2019-12-06 01:17:53, 2019-12-05 17:13:15 PST, 2019-12-05 17:17:53 PST, 278, Walk, , 
2019-12-06 01:17:54, 2019-12-06 01:33:02, 2019-12-05 17:17:54 PST, 2019-12-05 17:33:02 PST, 908, Transport, , 
2019-12-06 01:33:02, 2019-12-06 02:13:36, 2019-12-05 17:33:02 PST, 2019-12-05 18:13:36 PST, 2434, Transport, , 
2019-12-06 02:14:39, 2019-12-06 02:20:52, 2019-12-05 18:14:39 PST, 2019-12-05 18:20:52 PST, 373, Walk, , 
2019-12-06 02:20:53, 2019-12-06 02:26:54, 2019-12-05 18:20:53 PST, 2019-12-05 18:26:54 PST, 361, Transport, , 
2019-12-06 02:27:23, 2019-12-06 16:53:21, 2019-12-05 18:27:23 PST, 2019-12-06 08:53:21 PST, 51958, Home, , 
2019-12-06 07:35:00, 2019-12-06 16:09:09, 2019-12-05 23:35:00 PST, 2019-12-06 08:09:09 PST, 30849, Sleep, , 
2019-12-06 16:53:20, 2019-12-06 17:43:02, 2019-12-06 08:53:20 PST, 2019-12-06 09:43:02 PST, 2982, Commute to work, , 
2019-12-06 16:53:21, 2019-12-06 16:57:17, 2019-12-06 08:53:21 PST, 2019-12-06 08:57:17 PST, 236, Walk, , 
2019-12-06 16:57:18, 2019-12-06 16:59:24, 2019-12-06 08:57:18 PST, 2019-12-06 08:59:24 PST, 126, Transport, , 
2019-12-06 17:10:56, 2019-12-06 17:43:02, 2019-12-06 09:10:56 PST, 2019-12-06 09:43:02 PST, 1926, Transport, , 
2019-12-06 17:43:02, 2019-12-07 01:34:07, 2019-12-06 09:43:02 PST, 2019-12-06 17:34:07 PST, 28265, Work, , 
2019-12-07 01:34:07, 2019-12-07 01:49:50, 2019-12-06 17:34:07 PST, 2019-12-06 17:49:50 PST, 943, Transport, , 
2019-12-07 01:49:50, 2019-12-07 05:06:31, 2019-12-06 17:49:50 PST, 2019-12-06 21:06:31 PST, 11801, Dinner, , 
2019-12-07 05:06:31, 2019-12-07 05:36:02, 2019-12-06 21:06:31 PST, 2019-12-06 21:36:02 PST, 1771, Transport, , 
2019-12-07 05:36:02, 2019-12-07 19:57:38, 2019-12-06 21:36:02 PST, 2019-12-07 11:57:38 PST, 51696, Home, , 
2019-12-07 07:35:00, 2019-12-07 17:27:50, 2019-12-06 23:35:00 PST, 2019-12-07 09:27:50 PST, 35570, Sleep, , 
2019-12-07 19:57:38, 2019-12-07 19:59:53, 2019-12-07 11:57:38 PST, 2019-12-07 11:59:53 PST, 135, Walk, , 
2019-12-07 20:14:32, 2019-12-07 21:01:10, 2019-12-07 12:14:32 PST, 2019-12-07 13:01:10 PST, 2798, Transport, , 
2019-12-07 21:01:10, 2019-12-08 00:50:56, 2019-12-07 13:01:10 PST, 2019-12-07 16:50:56 PST, 13786, Friends, , 
2019-12-08 00:50:56, 2019-12-08 02:24:25, 2019-12-07 16:50:56 PST, 2019-12-07 18:24:25 PST, 5609, Friends, , 
2019-12-08 02:26:00, 2019-12-08 03:15:17, 2019-12-07 18:26:00 PST, 2019-12-07 19:15:17 PST, 2957, Transport, , 
2019-12-08 03:15:17, 2019-12-08 21:33:43, 2019-12-07 19:15:17 PST, 2019-12-08 13:33:43 PST, 65906, Home, , 
2019-12-08 08:22:01, 2019-12-08 17:55:05, 2019-12-08 00:22:01 PST, 2019-12-08 09:55:05 PST, 34384, Sleep, , 
2019-12-08 21:33:43, 2019-12-08 21:37:13, 2019-12-08 13:33:43 PST, 2019-12-08 13:37:13 PST, 210, Transport, , 
2019-12-08 22:29:48, 2019-12-08 22:33:34, 2019-12-08 14:29:48 PST, 2019-12-08 14:33:34 PST, 226, Transport, , 
2019-12-08 22:33:34, 2019-12-08 22:59:29, 2019-12-08 14:33:34 PST, 2019-12-08 14:59:29 PST, 1555, Groceries, Pacific Supermarket, 
2019-12-08 22:59:29, 2019-12-08 23:04:39, 2019-12-08 14:59:29 PST, 2019-12-08 15:04:39 PST, 310, Transport, , 
2019-12-08 23:04:39, 2019-12-09 12:26:51, 2019-12-08 15:04:39 PST, 2019-12-09 04:26:51 PST, 48132, Home, , 
2019-12-09 05:42:03, 2019-12-09 12:00:16, 2019-12-08 21:42:03 PST, 2019-12-09 04:00:16 PST, 22693, Sleep, , 
2019-12-09 12:27:33, 2019-12-09 12:32:53, 2019-12-09 04:27:33 PST, 2019-12-09 04:32:53 PST, 320, Transport, , 
2019-12-09 12:32:53, 2019-12-09 12:37:33, 2019-12-09 04:32:53 PST, 2019-12-09 04:37:33 PST, 280, Walk, , 
2019-12-09 14:04:14, 2019-12-09 14:48:20, 2019-12-09 06:04:14 PST, 2019-12-09 06:48:20 PST, 2646, Flight, , 
2019-12-09 14:48:20, 2019-12-09 18:48:07, 2019-12-09 06:48:20 PST, 2019-12-09 10:48:07 PST, 14387, Flight, , 
2019-12-09 18:48:07, 2019-12-09 19:17:28, 2019-12-09 13:48:07 EST, 2019-12-09 14:17:28 EST, 1761, Transport, , 
2019-12-09 23:29:54, 2019-12-10 04:47:02, 2019-12-09 18:29:54 EST, 2019-12-09 23:47:02 EST, 19028, Flight, , 
2019-12-10 04:47:02, 2019-12-10 06:22:50, 2019-12-10 04:47:02 GMT, 2019-12-10 06:22:50 GMT, 5748, Flight, , 
2019-12-10 06:22:50, 2019-12-10 06:35:49, 2019-12-10 06:22:50 GMT, 2019-12-10 06:35:49 GMT, 779, Flight, , 
2019-12-10 06:45:34, 2019-12-10 07:07:08, 2019-12-10 07:45:34 GMT+1, 2019-12-10 08:07:08 GMT+1, 1294, Transport, , 
2019-12-10 07:43:00, 2019-12-10 07:51:13, 2019-12-10 08:43:00 GMT+1, 2019-12-10 08:51:13 GMT+1, 493, Transport, , 
2019-12-10 07:58:54, 2019-12-10 08:11:54, 2019-12-10 08:58:54 GMT+1, 2019-12-10 09:11:54 GMT+1, 780, Transport, , 
2019-12-10 11:25:01, 2019-12-10 11:28:27, 2019-12-10 12:25:01 GMT+1, 2019-12-10 12:28:27 GMT+1, 206, Walk, , 
2019-12-10 12:47:58, 2019-12-10 13:10:24, 2019-12-10 13:47:58 GMT+1, 2019-12-10 14:10:24 GMT+1, 1346, Transport, , 
2019-12-10 17:18:28, 2019-12-10 17:37:30, 2019-12-10 18:18:28 GMT+1, 2019-12-10 18:37:30 GMT+1, 1142, Transport, , 
2019-12-10 20:28:12, 2019-12-11 05:00:04, 2019-12-10 21:28:12 GMT+1, 2019-12-11 06:00:04 GMT+1, 30712, Sleep, , 
2019-12-11 06:40:44, 2019-12-11 07:01:09, 2019-12-11 07:40:44 GMT+1, 2019-12-11 08:01:09 GMT+1, 1225, Transport, , 
2019-12-11 12:54:30, 2019-12-11 13:00:19, 2019-12-11 13:54:30 GMT+1, 2019-12-11 14:00:19 GMT+1, 349, Walk, , 
2019-12-11 18:03:40, 2019-12-11 18:06:52, 2019-12-11 19:03:40 GMT+1, 2019-12-11 19:06:52 GMT+1, 192, Walk, , 
2019-12-11 18:06:53, 2019-12-11 18:20:37, 2019-12-11 19:06:53 GMT+1, 2019-12-11 19:20:37 GMT+1, 824, Transport, , 
2019-12-11 23:52:45, 2019-12-12 06:27:26, 2019-12-12 00:52:45 GMT+1, 2019-12-12 07:27:26 GMT+1, 23681, Sleep, , 
2019-12-12 08:06:33, 2019-12-12 08:22:18, 2019-12-12 09:06:33 GMT+1, 2019-12-12 09:22:18 GMT+1, 945, Transport, , 
2019-12-12 16:59:51, 2019-12-12 17:12:41, 2019-12-12 17:59:51 GMT+1, 2019-12-12 18:12:41 GMT+1, 770, Transport, , 
2019-12-12 19:22:15, 2019-12-12 19:30:03, 2019-12-12 20:22:15 GMT+1, 2019-12-12 20:30:03 GMT+1, 468, Transport, , 
2019-12-12 22:40:43, 2019-12-13 05:04:13, 2019-12-12 23:40:43 GMT+1, 2019-12-13 06:04:13 GMT+1, 23010, Sleep, , 
2019-12-13 11:05:25, 2019-12-13 11:17:44, 2019-12-13 12:05:25 GMT+1, 2019-12-13 12:17:44 GMT+1, 739, Walk, , 
2019-12-13 11:17:45, 2019-12-13 11:35:18, 2019-12-13 12:17:45 GMT+1, 2019-12-13 12:35:18 GMT+1, 1053, Transport, , 
2019-12-13 11:35:18, 2019-12-13 11:38:15, 2019-12-13 12:35:18 GMT+1, 2019-12-13 12:38:15 GMT+1, 177, Walk, , 
2019-12-13 12:44:03, 2019-12-13 15:30:52, 2019-12-13 13:44:03 GMT+1, 2019-12-13 16:30:52 GMT+1, 10009, Flight, , 
2019-12-13 15:58:18, 2019-12-13 16:00:47, 2019-12-13 18:58:18 GMT+3, 2019-12-13 19:00:47 GMT+3, 149, Transport, , 
2019-12-13 16:21:29, 2019-12-13 16:37:05, 2019-12-13 19:21:29 GMT+3, 2019-12-13 19:37:05 GMT+3, 936, Walk, , 
2019-12-13 16:37:06, 2019-12-14 02:07:09, 2019-12-13 19:37:06 GMT+3, 2019-12-14 05:07:09 GMT+3, 34203, Flight, , 
2019-12-13 20:38:08, 2019-12-14 01:31:07, 2019-12-13 23:38:08 GMT+3, 2019-12-14 04:31:07 GMT+3, 17579, Sleep, , 
2019-12-14 02:07:09, 2019-12-14 02:18:12, 2019-12-14 10:07:09 GMT+8, 2019-12-14 10:18:12 GMT+8, 663, Transport, , 
2019-12-14 02:28:08, 2019-12-14 02:37:33, 2019-12-14 10:28:08 GMT+8, 2019-12-14 10:37:33 GMT+8, 565, Walk, , 
2019-12-14 04:04:38, 2019-12-14 04:57:45, 2019-12-14 12:04:38 GMT+8, 2019-12-14 12:57:45 GMT+8, 3187, Transport, , 
2019-12-14 05:37:49, 2019-12-14 05:52:01, 2019-12-14 13:37:49 GMT+8, 2019-12-14 13:52:01 GMT+8, 852, Transport, , 
2019-12-14 12:21:42, 2019-12-14 12:40:32, 2019-12-14 20:21:42 GMT+8, 2019-12-14 20:40:32 GMT+8, 1130, Transport, , 
2019-12-14 14:25:58, 2019-12-14 14:33:30, 2019-12-14 22:25:58 GMT+8, 2019-12-14 22:33:30 GMT+8, 452, Walk, , 
2019-12-14 20:02:55, 2019-12-15 01:00:18, 2019-12-15 04:02:55 GMT+8, 2019-12-15 09:00:18 GMT+8, 17843, Sleep, , 
2019-12-15 05:17:38, 2019-12-15 05:23:26, 2019-12-15 13:17:38 GMT+8, 2019-12-15 13:23:26 GMT+8, 348, Walk, , 
2019-12-15 09:26:13, 2019-12-15 09:32:57, 2019-12-15 17:26:13 GMT+8, 2019-12-15 17:32:57 GMT+8, 404, Walk, , 
2019-12-15 11:51:23, 2019-12-15 12:15:51, 2019-12-15 19:51:23 GMT+8, 2019-12-15 20:15:51 GMT+8, 1468, Transport, , 
2019-12-15 12:15:51, 2019-12-15 12:18:59, 2019-12-15 20:15:51 GMT+8, 2019-12-15 20:18:59 GMT+8, 188, Walk, , 
2019-12-15 12:25:54, 2019-12-15 12:31:23, 2019-12-15 20:25:54 GMT+8, 2019-12-15 20:31:23 GMT+8, 329, Walk, , 
2019-12-15 13:17:48, 2019-12-15 13:20:32, 2019-12-15 21:17:48 GMT+8, 2019-12-15 21:20:32 GMT+8, 164, Walk, , 
2019-12-15 13:20:33, 2019-12-15 15:54:44, 2019-12-15 21:20:33 GMT+8, 2019-12-15 23:54:44 GMT+8, 9251, Flight, , 
2019-12-15 15:54:44, 2019-12-15 16:00:24, 2019-12-15 23:54:44 GMT+8, 2019-12-16 00:00:24 GMT+8, 340, Transport, , 
2019-12-15 16:08:11, 2019-12-15 16:16:15, 2019-12-16 00:08:11 GMT+8, 2019-12-16 00:16:15 GMT+8, 484, Walk, , 
2019-12-15 16:42:50, 2019-12-15 17:24:56, 2019-12-16 00:42:50 GMT+8, 2019-12-16 01:24:56 GMT+8, 2526, Transport, , 
2019-12-15 19:36:34, 2019-12-16 00:30:08, 2019-12-16 03:36:34 GMT+8, 2019-12-16 08:30:08 GMT+8, 17614, Sleep, , 
2019-12-16 02:14:24, 2019-12-16 02:24:32, 2019-12-16 10:14:24 GMT+8, 2019-12-16 10:24:32 GMT+8, 608, Transport, , 
2019-12-16 05:01:43, 2019-12-16 05:05:08, 2019-12-16 13:01:43 GMT+8, 2019-12-16 13:05:08 GMT+8, 205, Walk, , 
2019-12-16 05:07:48, 2019-12-16 05:14:12, 2019-12-16 13:07:48 GMT+8, 2019-12-16 13:14:12 GMT+8, 384, Walk, , 
2019-12-16 14:02:50, 2019-12-16 14:10:24, 2019-12-16 22:02:50 GMT+8, 2019-12-16 22:10:24 GMT+8, 454, Transport, , 
2019-12-16 15:31:50, 2019-12-16 22:09:13, 2019-12-16 23:31:50 GMT+8, 2019-12-17 06:09:13 GMT+8, 23843, Sleep, , 
2019-12-17 01:36:45, 2019-12-17 01:40:19, 2019-12-17 09:36:45 GMT+8, 2019-12-17 09:40:19 GMT+8, 214, Transport, , 
2019-12-17 06:33:59, 2019-12-17 06:48:15, 2019-12-17 14:33:59 GMT+8, 2019-12-17 14:48:15 GMT+8, 856, Transport, , 
2019-12-17 09:28:07, 2019-12-17 09:37:22, 2019-12-17 17:28:07 GMT+8, 2019-12-17 17:37:22 GMT+8, 555, Walk, , 
2019-12-17 09:37:23, 2019-12-17 09:44:30, 2019-12-17 17:37:23 GMT+8, 2019-12-17 17:44:30 GMT+8, 427, Transport, , 
2019-12-17 18:43:15, 2019-12-18 00:02:24, 2019-12-18 02:43:15 GMT+8, 2019-12-18 08:02:24 GMT+8, 19149, Sleep, , 
2019-12-18 01:56:30, 2019-12-18 02:05:54, 2019-12-18 09:56:30 GMT+8, 2019-12-18 10:05:54 GMT+8, 564, Transport, , 
2019-12-18 04:09:01, 2019-12-18 04:16:29, 2019-12-18 12:09:01 GMT+8, 2019-12-18 12:16:29 GMT+8, 448, Walk, , 
2019-12-18 11:55:30, 2019-12-18 11:59:56, 2019-12-18 19:55:30 GMT+8, 2019-12-18 19:59:56 GMT+8, 266, Walk, , 
2019-12-18 11:59:57, 2019-12-18 12:18:25, 2019-12-18 19:59:57 GMT+8, 2019-12-18 20:18:25 GMT+8, 1108, Transport, , 
2019-12-18 13:57:35, 2019-12-18 14:30:56, 2019-12-18 21:57:35 GMT+8, 2019-12-18 22:30:56 GMT+8, 2001, Transport, , 
2019-12-18 15:19:02, 2019-12-19 00:30:06, 2019-12-18 23:19:02 GMT+8, 2019-12-19 08:30:06 GMT+8, 33064, Sleep, , 
2019-12-19 02:36:28, 2019-12-19 02:47:33, 2019-12-19 10:36:28 GMT+8, 2019-12-19 10:47:33 GMT+8, 665, Transport, , 
2019-12-19 10:16:18, 2019-12-19 10:20:14, 2019-12-19 18:16:18 GMT+8, 2019-12-19 18:20:14 GMT+8, 236, Transport, , 
2019-12-19 12:41:18, 2019-12-19 12:50:05, 2019-12-19 20:41:18 GMT+8, 2019-12-19 20:50:05 GMT+8, 527, Transport, , 
2019-12-19 13:26:42, 2019-12-20 00:13:24, 2019-12-19 21:26:42 GMT+8, 2019-12-20 08:13:24 GMT+8, 38802, Sleep, , 
2019-12-20 00:34:38, 2019-12-20 00:44:05, 2019-12-20 08:34:38 GMT+8, 2019-12-20 08:44:05 GMT+8, 567, Transport, , 
2019-12-20 01:59:45, 2019-12-20 02:06:46, 2019-12-20 09:59:45 GMT+8, 2019-12-20 10:06:46 GMT+8, 421, Transport, , 
2019-12-20 03:48:07, 2019-12-20 03:50:29, 2019-12-20 11:48:07 GMT+8, 2019-12-20 11:50:29 GMT+8, 142, Walk, , 
2019-12-20 03:50:30, 2019-12-20 04:01:30, 2019-12-20 11:50:30 GMT+8, 2019-12-20 12:01:30 GMT+8, 660, Transport, , 
2019-12-20 05:32:57, 2019-12-20 05:44:48, 2019-12-20 13:32:57 GMT+8, 2019-12-20 13:44:48 GMT+8, 711, Transport, , 
2019-12-20 09:46:11, 2019-12-20 10:09:31, 2019-12-20 17:46:11 GMT+8, 2019-12-20 18:09:31 GMT+8, 1400, Transport, , 
2019-12-20 10:41:58, 2019-12-20 11:59:36, 2019-12-20 18:41:58 GMT+8, 2019-12-20 19:59:36 GMT+8, 4658, Transport, , 
2019-12-20 12:31:02, 2019-12-20 14:30:35, 2019-12-20 20:31:02 GMT+8, 2019-12-20 22:30:35 GMT+8, 7173, Transport, , 
2019-12-20 15:50:43, 2019-12-21 00:28:05, 2019-12-20 23:50:43 GMT+8, 2019-12-21 08:28:05 GMT+8, 31042, Sleep, , 
2019-12-21 02:49:21, 2019-12-21 03:10:28, 2019-12-21 10:49:21 GMT+8, 2019-12-21 11:10:28 GMT+8, 1267, Transport, , 
2019-12-21 05:38:27, 2019-12-21 06:00:35, 2019-12-21 13:38:27 GMT+8, 2019-12-21 14:00:35 GMT+8, 1328, Transport, , 
2019-12-21 09:20:15, 2019-12-21 09:23:53, 2019-12-21 17:20:15 GMT+8, 2019-12-21 17:23:53 GMT+8, 218, Transport, , 
2019-12-21 16:12:19, 2019-12-21 23:54:49, 2019-12-22 00:12:19 GMT+8, 2019-12-22 07:54:49 GMT+8, 27750, Sleep, , 
2019-12-22 01:02:48, 2019-12-22 01:08:02, 2019-12-22 09:02:48 GMT+8, 2019-12-22 09:08:02 GMT+8, 314, Walk, , 
2019-12-22 02:04:10, 2019-12-22 02:13:06, 2019-12-22 10:04:10 GMT+8, 2019-12-22 10:13:06 GMT+8, 536, Walk, , 
2019-12-22 03:53:46, 2019-12-22 04:04:18, 2019-12-22 11:53:46 GMT+8, 2019-12-22 12:04:18 GMT+8, 632, Transport, , 
2019-12-22 05:46:23, 2019-12-22 05:54:30, 2019-12-22 13:46:23 GMT+8, 2019-12-22 13:54:30 GMT+8, 487, Transport, , 
2019-12-22 13:08:10, 2019-12-22 13:12:22, 2019-12-22 21:08:10 GMT+8, 2019-12-22 21:12:22 GMT+8, 252, Walk, , 
2019-12-22 13:19:02, 2019-12-22 13:21:29, 2019-12-22 21:19:02 GMT+8, 2019-12-22 21:21:29 GMT+8, 147, Transport, , 
2019-12-22 15:29:49, 2019-12-23 00:25:10, 2019-12-22 23:29:49 GMT+8, 2019-12-23 08:25:10 GMT+8, 32121, Sleep, , 
2019-12-23 01:41:47, 2019-12-23 01:54:17, 2019-12-23 09:41:47 GMT+8, 2019-12-23 09:54:17 GMT+8, 750, Transport, , 
2019-12-23 02:18:41, 2019-12-23 02:26:55, 2019-12-23 10:18:41 GMT+8, 2019-12-23 10:26:55 GMT+8, 494, Walk, , 
2019-12-23 02:26:56, 2019-12-23 03:32:23, 2019-12-23 10:26:56 GMT+8, 2019-12-23 11:32:23 GMT+8, 3927, Transport, , 
2019-12-23 03:32:23, 2019-12-23 03:46:17, 2019-12-23 11:32:23 GMT+8, 2019-12-23 11:46:17 GMT+8, 834, Walk, , 
2019-12-23 03:48:02, 2019-12-23 04:18:30, 2019-12-23 11:48:02 GMT+8, 2019-12-23 12:18:30 GMT+8, 1828, Transport, , 
2019-12-23 14:45:55, 2019-12-24 00:28:10, 2019-12-23 22:45:55 GMT+8, 2019-12-24 08:28:10 GMT+8, 34935, Sleep, , 
2019-12-24 02:31:29, 2019-12-24 02:57:53, 2019-12-24 10:31:29 GMT+8, 2019-12-24 10:57:53 GMT+8, 1584, Transport, , 
2019-12-24 08:25:03, 2019-12-24 08:46:06, 2019-12-24 16:25:03 GMT+8, 2019-12-24 16:46:06 GMT+8, 1263, Transport, , 
2019-12-24 16:36:37, 2019-12-25 00:28:09, 2019-12-25 00:36:37 GMT+8, 2019-12-25 08:28:09 GMT+8, 28292, Sleep, , 
2019-12-25 03:28:44, 2019-12-25 03:59:05, 2019-12-25 11:28:44 GMT+8, 2019-12-25 11:59:05 GMT+8, 1821, Transport, , 
2019-12-25 05:12:50, 2019-12-25 07:32:27, 2019-12-25 13:12:50 GMT+8, 2019-12-25 15:32:27 GMT+8, 8377, Transport, , 
2019-12-25 07:40:11, 2019-12-25 07:53:49, 2019-12-25 15:40:11 GMT+8, 2019-12-25 15:53:49 GMT+8, 818, Transport, , 
2019-12-25 07:53:49, 2019-12-25 08:05:32, 2019-12-25 15:53:49 GMT+8, 2019-12-25 16:05:32 GMT+8, 703, Walk, , 
2019-12-25 08:13:33, 2019-12-25 08:31:49, 2019-12-25 16:13:33 GMT+8, 2019-12-25 16:31:49 GMT+8, 1096, Transport, , 
2019-12-25 16:27:42, 2019-12-26 00:28:07, 2019-12-26 00:27:42 GMT+8, 2019-12-26 08:28:07 GMT+8, 28825, Sleep, , 
2019-12-26 02:17:13, 2019-12-26 02:37:02, 2019-12-26 10:17:13 GMT+8, 2019-12-26 10:37:02 GMT+8, 1189, Walk, , 
2019-12-26 04:28:50, 2019-12-26 04:37:32, 2019-12-26 12:28:50 GMT+8, 2019-12-26 12:37:32 GMT+8, 522, Transport, , 
2019-12-26 06:07:31, 2019-12-26 06:36:02, 2019-12-26 14:07:31 GMT+8, 2019-12-26 14:36:02 GMT+8, 1711, Walk, , 
2019-12-26 06:43:26, 2019-12-26 06:55:48, 2019-12-26 14:43:26 GMT+8, 2019-12-26 14:55:48 GMT+8, 742, Walk, , 
2019-12-26 07:08:11, 2019-12-26 07:13:13, 2019-12-26 15:08:11 GMT+8, 2019-12-26 15:13:13 GMT+8, 302, Transport, , 
2019-12-26 07:13:13, 2019-12-26 07:16:19, 2019-12-26 15:13:13 GMT+8, 2019-12-26 15:16:19 GMT+8, 186, Walk, , 
2019-12-26 07:38:49, 2019-12-26 08:43:51, 2019-12-26 15:38:49 GMT+8, 2019-12-26 16:43:51 GMT+8, 3902, Walk, , 
2019-12-26 14:48:00, 2019-12-26 14:53:54, 2019-12-26 22:48:00 GMT+8, 2019-12-26 22:53:54 GMT+8, 354, Transport, , 
2019-12-26 16:12:58, 2019-12-26 23:09:23, 2019-12-27 00:12:58 GMT+8, 2019-12-27 07:09:23 GMT+8, 24985, Sleep, , 
2019-12-27 04:10:14, 2019-12-27 04:24:08, 2019-12-27 12:10:14 GMT+8, 2019-12-27 12:24:08 GMT+8, 834, Transport, , 
2019-12-27 06:34:14, 2019-12-27 06:41:08, 2019-12-27 14:34:14 GMT+8, 2019-12-27 14:41:08 GMT+8, 414, Walk, , 
2019-12-27 06:41:09, 2019-12-27 06:54:58, 2019-12-27 14:41:09 GMT+8, 2019-12-27 14:54:58 GMT+8, 829, Transport, , 
2019-12-27 06:54:58, 2019-12-27 07:16:01, 2019-12-27 14:54:58 GMT+8, 2019-12-27 15:16:01 GMT+8, 1263, Walk, , 
2019-12-27 12:57:25, 2019-12-27 13:17:33, 2019-12-27 20:57:25 GMT+8, 2019-12-27 21:17:33 GMT+8, 1208, Transport, , 
2019-12-27 16:08:13, 2019-12-27 23:37:16, 2019-12-28 00:08:13 GMT+8, 2019-12-28 07:37:16 GMT+8, 26943, Sleep, , 
2019-12-28 04:34:13, 2019-12-28 04:40:53, 2019-12-28 12:34:13 GMT+8, 2019-12-28 12:40:53 GMT+8, 400, Walk, , 
2019-12-28 04:46:37, 2019-12-28 04:50:23, 2019-12-28 12:46:37 GMT+8, 2019-12-28 12:50:23 GMT+8, 226, Walk, , 
2019-12-28 05:18:45, 2019-12-28 05:47:38, 2019-12-28 13:18:45 GMT+8, 2019-12-28 13:47:38 GMT+8, 1733, Transport, , 
2019-12-28 06:00:34, 2019-12-28 06:02:46, 2019-12-28 14:00:34 GMT+8, 2019-12-28 14:02:46 GMT+8, 132, Walk, , 
2019-12-28 06:02:47, 2019-12-28 06:11:14, 2019-12-28 14:02:47 GMT+8, 2019-12-28 14:11:14 GMT+8, 507, Transport, , 
2019-12-28 06:17:15, 2019-12-28 06:20:01, 2019-12-28 14:17:15 GMT+8, 2019-12-28 14:20:01 GMT+8, 166, Walk, , 
2019-12-28 06:20:02, 2019-12-28 06:26:03, 2019-12-28 14:20:02 GMT+8, 2019-12-28 14:26:03 GMT+8, 361, Transport, , 
2019-12-28 15:30:20, 2019-12-29 00:30:06, 2019-12-28 23:30:20 GMT+8, 2019-12-29 08:30:06 GMT+8, 32386, Sleep, , 
2019-12-29 01:59:56, 2019-12-29 02:02:45, 2019-12-29 09:59:56 GMT+8, 2019-12-29 10:02:45 GMT+8, 169, Walk, , 
2019-12-29 03:44:16, 2019-12-29 03:53:16, 2019-12-29 11:44:16 GMT+8, 2019-12-29 11:53:16 GMT+8, 540, Walk, , 
2019-12-29 04:20:14, 2019-12-29 04:38:13, 2019-12-29 12:20:14 GMT+8, 2019-12-29 12:38:13 GMT+8, 1079, Walk, , 
2019-12-29 05:25:37, 2019-12-29 05:35:25, 2019-12-29 13:25:37 GMT+8, 2019-12-29 13:35:25 GMT+8, 588, Transport, , 
2019-12-29 05:36:36, 2019-12-29 05:42:57, 2019-12-29 13:36:36 GMT+8, 2019-12-29 13:42:57 GMT+8, 381, Walk, , 
2019-12-29 07:12:48, 2019-12-29 07:22:32, 2019-12-29 15:12:48 GMT+8, 2019-12-29 15:22:32 GMT+8, 584, Walk, , 
2019-12-29 07:53:39, 2019-12-29 08:03:31, 2019-12-29 15:53:39 GMT+8, 2019-12-29 16:03:31 GMT+8, 592, Transport, , 
2019-12-29 09:35:49, 2019-12-29 10:09:21, 2019-12-29 17:35:49 GMT+8, 2019-12-29 18:09:21 GMT+8, 2012, Transport, , 
2019-12-29 10:09:21, 2019-12-29 10:27:41, 2019-12-29 18:09:21 GMT+8, 2019-12-29 18:27:41 GMT+8, 1100, Walk, , 
2019-12-29 16:12:44, 2019-12-29 23:36:33, 2019-12-30 00:12:44 GMT+8, 2019-12-30 07:36:33 GMT+8, 26629, Sleep, , 
2019-12-30 00:49:32, 2019-12-30 01:20:46, 2019-12-30 08:49:32 GMT+8, 2019-12-30 09:20:46 GMT+8, 1874, Transport, , 
2019-12-30 01:48:17, 2019-12-30 05:02:03, 2019-12-30 09:48:17 GMT+8, 2019-12-30 13:02:03 GMT+8, 11626, Transport, , 
2019-12-30 05:55:56, 2019-12-30 06:04:58, 2019-12-30 13:55:56 GMT+8, 2019-12-30 14:04:58 GMT+8, 542, Transport, , 
2019-12-30 06:53:29, 2019-12-30 07:02:36, 2019-12-30 14:53:29 GMT+8, 2019-12-30 15:02:36 GMT+8, 547, Transport, , 
2019-12-30 07:36:19, 2019-12-30 11:01:19, 2019-12-30 15:36:19 GMT+8, 2019-12-30 19:01:19 GMT+8, 12300, Transport, , 
2019-12-30 16:56:43, 2019-12-31 02:34:58, 2019-12-31 00:56:43 GMT+8, 2019-12-31 10:34:58 GMT+8, 34695, Sleep, , 
2019-12-31 05:19:31, 2019-12-31 05:24:19, 2019-12-31 13:19:31 GMT+8, 2019-12-31 13:24:19 GMT+8, 288, Walk, , 
2019-12-31 05:29:53, 2019-12-31 05:36:18, 2019-12-31 13:29:53 GMT+8, 2019-12-31 13:36:18 GMT+8, 385, Walk, , 
2019-12-31 05:59:16, 2019-12-31 06:14:52, 2019-12-31 13:59:16 GMT+8, 2019-12-31 14:14:52 GMT+8, 936, Transport, , 
2019-12-31 09:13:36, 2019-12-31 10:33:22, 2019-12-31 17:13:36 GMT+8, 2019-12-31 18:33:22 GMT+8, 4786, Flight, , 
2019-12-31 11:15:30, 2019-12-31 11:32:12, 2019-12-31 19:15:30 GMT+8, 2019-12-31 19:32:12 GMT+8, 1002, Transport, , 
2019-12-31 12:07:49, 2019-12-31 12:25:00, 2019-12-31 20:07:49 GMT+8, 2019-12-31 20:25:00 GMT+8, 1031, Transport, , 
2019-12-31 14:26:05, 2019-12-31 14:39:30, 2019-12-31 22:26:05 GMT+8, 2019-12-31 22:39:30 GMT+8, 805, Transport, , 
2019-12-31 14:49:46, 2019-12-31 14:52:03, 2019-12-31 22:49:46 GMT+8, 2019-12-31 22:52:03 GMT+8, 137, Walk, , 
2019-12-31 16:50:40, 2020-01-01 01:46:41, 2020-01-01 00:50:40 GMT+8, 2020-01-01 09:46:41 GMT+8, 32161, Sleep, , 
2020-01-01 04:07:20, 2020-01-01 04:17:49, 2020-01-01 12:07:20 GMT+8, 2020-01-01 12:17:49 GMT+8, 629, Walk, , 
2020-01-01 10:36:42, 2020-01-01 10:55:07, 2020-01-01 18:36:42 GMT+8, 2020-01-01 18:55:07 GMT+8, 1105, Cycle, , 
2020-01-01 10:55:07, 2020-01-01 10:57:40, 2020-01-01 18:55:07 GMT+8, 2020-01-01 18:57:40 GMT+8, 153, Walk, , 
2020-01-01 12:57:10, 2020-01-01 13:03:30, 2020-01-01 20:57:10 GMT+8, 2020-01-01 21:03:30 GMT+8, 380, Walk, , 
2020-01-01 14:54:39, 2020-01-01 15:01:56, 2020-01-01 22:54:39 GMT+8, 2020-01-01 23:01:56 GMT+8, 437, Transport, , 
2020-01-01 17:35:18, 2020-01-02 01:00:05, 2020-01-02 01:35:18 GMT+8, 2020-01-02 09:00:05 GMT+8, 26687, Sleep, , 
2020-01-02 03:46:08, 2020-01-02 04:01:35, 2020-01-02 11:46:08 GMT+8, 2020-01-02 12:01:35 GMT+8, 927, Walk, , 
2020-01-02 04:01:36, 2020-01-02 04:14:48, 2020-01-02 12:01:36 GMT+8, 2020-01-02 12:14:48 GMT+8, 792, Transport, , 
2020-01-02 04:44:33, 2020-01-02 04:48:58, 2020-01-02 12:44:33 GMT+8, 2020-01-02 12:48:58 GMT+8, 265, Walk, , 
2020-01-02 04:48:59, 2020-01-02 05:27:52, 2020-01-02 12:48:59 GMT+8, 2020-01-02 13:27:52 GMT+8, 2333, Transport, , 
2020-01-02 05:42:13, 2020-01-02 05:55:41, 2020-01-02 13:42:13 GMT+8, 2020-01-02 13:55:41 GMT+8, 808, Transport, , 
2020-01-02 06:37:19, 2020-01-02 06:45:43, 2020-01-02 14:37:19 GMT+8, 2020-01-02 14:45:43 GMT+8, 504, Transport, , 
2020-01-02 07:16:35, 2020-01-02 07:23:48, 2020-01-02 15:16:35 GMT+8, 2020-01-02 15:23:48 GMT+8, 433, Transport, , 
2020-01-02 07:54:12, 2020-01-02 07:56:17, 2020-01-02 15:54:12 GMT+8, 2020-01-02 15:56:17 GMT+8, 125, Walk, , 
2020-01-02 10:19:36, 2020-01-02 10:25:41, 2020-01-02 18:19:36 GMT+8, 2020-01-02 18:25:41 GMT+8, 365, Walk, , 
2020-01-02 12:33:39, 2020-01-02 12:55:15, 2020-01-02 20:33:39 GMT+8, 2020-01-02 20:55:15 GMT+8, 1296, Transport, , 
2020-01-02 13:24:35, 2020-01-02 14:31:08, 2020-01-02 21:24:35 GMT+8, 2020-01-02 22:31:08 GMT+8, 3993, Transport, , 
2020-01-02 14:32:03, 2020-01-02 14:48:50, 2020-01-02 22:32:03 GMT+8, 2020-01-02 22:48:50 GMT+8, 1007, Walk, , 
2020-01-02 14:48:51, 2020-01-02 15:02:48, 2020-01-02 22:48:51 GMT+8, 2020-01-02 23:02:48 GMT+8, 837, Transport, , 
2020-01-02 15:02:48, 2020-01-02 15:15:00, 2020-01-02 23:02:48 GMT+8, 2020-01-02 23:15:00 GMT+8, 732, Walk, , 
2020-01-02 17:40:44, 2020-01-03 01:03:32, 2020-01-03 01:40:44 GMT+8, 2020-01-03 09:03:32 GMT+8, 26568, Sleep, , 
2020-01-03 06:05:32, 2020-01-03 06:32:13, 2020-01-03 14:05:32 GMT+8, 2020-01-03 14:32:13 GMT+8, 1601, Transport, , 
2020-01-03 10:16:44, 2020-01-03 10:22:43, 2020-01-03 18:16:44 GMT+8, 2020-01-03 18:22:43 GMT+8, 359, Walk, , 
2020-01-03 10:50:36, 2020-01-03 11:37:56, 2020-01-03 18:50:36 GMT+8, 2020-01-03 19:37:56 GMT+8, 2840, Transport, , 
2020-01-03 11:54:13, 2020-01-03 12:08:11, 2020-01-03 19:54:13 GMT+8, 2020-01-03 20:08:11 GMT+8, 838, Transport, , 
2020-01-03 14:57:57, 2020-01-03 15:10:25, 2020-01-03 22:57:57 GMT+8, 2020-01-03 23:10:25 GMT+8, 748, Transport, , 
2020-01-03 16:58:03, 2020-01-03 22:59:54, 2020-01-04 00:58:03 GMT+8, 2020-01-04 06:59:54 GMT+8, 21711, Sleep, , 
2020-01-04 06:51:16, 2020-01-04 06:58:09, 2020-01-04 14:51:16 GMT+8, 2020-01-04 14:58:09 GMT+8, 413, Walk, , 
2020-01-04 07:42:21, 2020-01-04 07:57:31, 2020-01-04 15:42:21 GMT+8, 2020-01-04 15:57:31 GMT+8, 910, Transport, , 
2020-01-04 08:04:05, 2020-01-04 08:09:34, 2020-01-04 16:04:05 GMT+8, 2020-01-04 16:09:34 GMT+8, 329, Transport, , 
2020-01-04 10:28:56, 2020-01-04 10:32:19, 2020-01-04 18:28:56 GMT+8, 2020-01-04 18:32:19 GMT+8, 203, Walk, , 
2020-01-04 10:32:20, 2020-01-04 10:56:57, 2020-01-04 18:32:20 GMT+8, 2020-01-04 18:56:57 GMT+8, 1477, Transport, , 
2020-01-04 11:25:56, 2020-01-04 11:42:44, 2020-01-04 19:25:56 GMT+8, 2020-01-04 19:42:44 GMT+8, 1008, Transport, , 
2020-01-04 14:24:07, 2020-01-04 14:30:48, 2020-01-04 22:24:07 GMT+8, 2020-01-04 22:30:48 GMT+8, 401, Transport, , 
2020-01-04 15:41:57, 2020-01-04 16:09:53, 2020-01-04 23:41:57 GMT+8, 2020-01-05 00:09:53 GMT+8, 1676, Transport, , 
2020-01-04 18:48:26, 2020-01-05 01:57:27, 2020-01-05 02:48:26 GMT+8, 2020-01-05 09:57:27 GMT+8, 25741, Sleep, , 
2020-01-05 06:48:15, 2020-01-05 06:51:28, 2020-01-05 14:48:15 GMT+8, 2020-01-05 14:51:28 GMT+8, 193, Walk, , 
2020-01-05 12:32:25, 2020-01-05 12:40:30, 2020-01-05 20:32:25 GMT+8, 2020-01-05 20:40:30 GMT+8, 485, Transport, , 
2020-01-05 17:38:50, 2020-01-05 23:00:07, 2020-01-06 01:38:50 GMT+8, 2020-01-06 07:00:07 GMT+8, 19277, Sleep, , 
2020-01-06 01:43:44, 2020-01-06 01:54:37, 2020-01-06 09:43:44 GMT+8, 2020-01-06 09:54:37 GMT+8, 653, Transport, , 
2020-01-06 03:55:21, 2020-01-06 04:04:11, 2020-01-06 11:55:21 GMT+8, 2020-01-06 12:04:11 GMT+8, 530, Walk, , 
2020-01-06 06:17:50, 2020-01-06 06:20:00, 2020-01-06 14:17:50 GMT+8, 2020-01-06 14:20:00 GMT+8, 130, Walk, , 
2020-01-06 11:25:31, 2020-01-06 11:37:14, 2020-01-06 19:25:31 GMT+8, 2020-01-06 19:37:14 GMT+8, 703, Transport, , 
2020-01-06 15:46:52, 2020-01-06 23:00:08, 2020-01-06 23:46:52 GMT+8, 2020-01-07 07:00:08 GMT+8, 25996, Sleep, , 
2020-01-07 01:56:37, 2020-01-07 02:07:17, 2020-01-07 09:56:37 GMT+8, 2020-01-07 10:07:17 GMT+8, 640, Transport, , 
2020-01-07 13:41:40, 2020-01-07 13:54:00, 2020-01-07 21:41:40 GMT+8, 2020-01-07 21:54:00 GMT+8, 740, Transport, , 
2020-01-07 16:54:01, 2020-01-07 23:00:06, 2020-01-08 00:54:01 GMT+8, 2020-01-08 07:00:06 GMT+8, 21965, Sleep, , 
2020-01-08 01:41:49, 2020-01-08 01:55:13, 2020-01-08 09:41:49 GMT+8, 2020-01-08 09:55:13 GMT+8, 804, Transport, , 
2020-01-08 10:54:19, 2020-01-08 10:59:39, 2020-01-08 18:54:19 GMT+8, 2020-01-08 18:59:39 GMT+8, 320, Walk, , 
2020-01-08 10:59:40, 2020-01-08 11:05:15, 2020-01-08 18:59:40 GMT+8, 2020-01-08 19:05:15 GMT+8, 335, Transport, , 
2020-01-08 14:05:45, 2020-01-08 14:09:29, 2020-01-08 22:05:45 GMT+8, 2020-01-08 22:09:29 GMT+8, 224, Walk, , 
2020-01-08 16:25:52, 2020-01-08 23:30:07, 2020-01-09 00:25:52 GMT+8, 2020-01-09 07:30:07 GMT+8, 25455, Sleep, , 
2020-01-09 01:01:48, 2020-01-09 01:17:06, 2020-01-09 09:01:48 GMT+8, 2020-01-09 09:17:06 GMT+8, 918, Transport, , 
2020-01-09 09:22:21, 2020-01-09 09:35:17, 2020-01-09 17:22:21 GMT+8, 2020-01-09 17:35:17 GMT+8, 776, Transport, , 
2020-01-09 10:42:33, 2020-01-09 10:44:45, 2020-01-09 18:42:33 GMT+8, 2020-01-09 18:44:45 GMT+8, 132, Walk, , 
2020-01-09 10:44:46, 2020-01-09 10:57:06, 2020-01-09 18:44:46 GMT+8, 2020-01-09 18:57:06 GMT+8, 740, Transport, , 
2020-01-09 14:35:51, 2020-01-09 21:30:04, 2020-01-09 22:35:51 GMT+8, 2020-01-10 05:30:04 GMT+8, 24853, Sleep, , 
2020-01-10 01:43:22, 2020-01-10 01:49:40, 2020-01-10 09:43:22 GMT+8, 2020-01-10 09:49:40 GMT+8, 378, Transport, , 
2020-01-10 04:55:25, 2020-01-10 05:00:59, 2020-01-10 12:55:25 GMT+8, 2020-01-10 13:00:59 GMT+8, 334, Transport, , 
2020-01-10 06:30:13, 2020-01-10 06:32:57, 2020-01-10 14:30:13 GMT+8, 2020-01-10 14:32:57 GMT+8, 164, Walk, , 
2020-01-10 06:32:58, 2020-01-10 06:39:12, 2020-01-10 14:32:58 GMT+8, 2020-01-10 14:39:12 GMT+8, 374, Transport, , 
2020-01-10 11:46:02, 2020-01-10 11:54:59, 2020-01-10 19:46:02 GMT+8, 2020-01-10 19:54:59 GMT+8, 537, Transport, , 
2020-01-10 17:27:16, 2020-01-11 00:45:09, 2020-01-11 01:27:16 GMT+8, 2020-01-11 08:45:09 GMT+8, 26273, Sleep, , 
2020-01-11 03:33:52, 2020-01-11 04:05:56, 2020-01-11 11:33:52 GMT+8, 2020-01-11 12:05:56 GMT+8, 1924, Transport, , 
2020-01-11 04:49:47, 2020-01-11 05:16:11, 2020-01-11 12:49:47 GMT+8, 2020-01-11 13:16:11 GMT+8, 1584, Transport, , 
2020-01-11 05:16:11, 2020-01-11 05:24:07, 2020-01-11 13:16:11 GMT+8, 2020-01-11 13:24:07 GMT+8, 476, Walk, , 
2020-01-11 05:47:42, 2020-01-11 06:14:58, 2020-01-11 13:47:42 GMT+8, 2020-01-11 14:14:58 GMT+8, 1636, Transport, , 
2020-01-11 11:39:07, 2020-01-11 12:07:02, 2020-01-11 19:39:07 GMT+8, 2020-01-11 20:07:02 GMT+8, 1675, Transport, , 
2020-01-11 12:45:59, 2020-01-11 13:21:22, 2020-01-11 20:45:59 GMT+8, 2020-01-11 21:21:22 GMT+8, 2123, Transport, , 
2020-01-11 13:38:15, 2020-01-11 14:18:28, 2020-01-11 21:38:15 GMT+8, 2020-01-11 22:18:28 GMT+8, 2413, Transport, , 
2020-01-11 14:22:21, 2020-01-11 14:28:16, 2020-01-11 22:22:21 GMT+8, 2020-01-11 22:28:16 GMT+8, 355, Walk, , 
2020-01-11 14:36:39, 2020-01-11 14:49:55, 2020-01-11 22:36:39 GMT+8, 2020-01-11 22:49:55 GMT+8, 796, Walk, , 
2020-01-11 17:33:28, 2020-01-12 01:13:18, 2020-01-12 01:33:28 GMT+8, 2020-01-12 09:13:18 GMT+8, 27590, Sleep, , 
2020-01-12 06:18:27, 2020-01-12 06:28:27, 2020-01-12 14:18:27 GMT+8, 2020-01-12 14:28:27 GMT+8, 600, Transport, , 
2020-01-12 08:27:57, 2020-01-12 08:31:28, 2020-01-12 16:27:57 GMT+8, 2020-01-12 16:31:28 GMT+8, 211, Transport, , 
2020-01-12 09:59:31, 2020-01-12 10:06:03, 2020-01-12 17:59:31 GMT+8, 2020-01-12 18:06:03 GMT+8, 392, Walk, , 
2020-01-12 16:23:43, 2020-01-13 00:00:22, 2020-01-13 00:23:43 GMT+8, 2020-01-13 08:00:22 GMT+8, 27399, Sleep, , 
2020-01-13 01:51:43, 2020-01-13 02:02:54, 2020-01-13 09:51:43 GMT+8, 2020-01-13 10:02:54 GMT+8, 671, Transport, , 
2020-01-13 06:25:07, 2020-01-13 06:57:07, 2020-01-13 14:25:07 GMT+8, 2020-01-13 14:57:07 GMT+8, 1920, Transport, , 
2020-01-13 06:57:07, 2020-01-13 07:01:11, 2020-01-13 14:57:07 GMT+8, 2020-01-13 15:01:11 GMT+8, 244, Walk, , 
2020-01-13 07:32:58, 2020-01-13 07:48:39, 2020-01-13 15:32:58 GMT+8, 2020-01-13 15:48:39 GMT+8, 941, Walk, , 
2020-01-13 08:51:12, 2020-01-13 08:57:30, 2020-01-13 16:51:12 GMT+8, 2020-01-13 16:57:30 GMT+8, 378, Walk, , 
2020-01-13 12:21:32, 2020-01-13 12:59:01, 2020-01-13 20:21:32 GMT+8, 2020-01-13 20:59:01 GMT+8, 2249, Transport, , 
2020-01-13 13:10:51, 2020-01-13 13:14:22, 2020-01-13 21:10:51 GMT+8, 2020-01-13 21:14:22 GMT+8, 211, Walk, , 
2020-01-13 13:44:12, 2020-01-13 13:52:29, 2020-01-13 21:44:12 GMT+8, 2020-01-13 21:52:29 GMT+8, 497, Transport, , 
2020-01-13 16:31:15, 2020-01-13 23:30:11, 2020-01-14 00:31:15 GMT+8, 2020-01-14 07:30:11 GMT+8, 25136, Sleep, , 
2020-01-14 00:47:29, 2020-01-14 00:49:59, 2020-01-14 08:47:29 GMT+8, 2020-01-14 08:49:59 GMT+8, 150, Walk, , 
2020-01-14 00:50:00, 2020-01-14 00:53:37, 2020-01-14 08:50:00 GMT+8, 2020-01-14 08:53:37 GMT+8, 217, Transport, , 
2020-01-14 02:37:49, 2020-01-14 02:49:59, 2020-01-14 10:37:49 GMT+8, 2020-01-14 10:49:59 GMT+8, 730, Transport, , 
2020-01-14 04:03:11, 2020-01-14 04:09:36, 2020-01-14 12:03:11 GMT+8, 2020-01-14 12:09:36 GMT+8, 385, Transport, , 
2020-01-14 06:00:54, 2020-01-14 06:08:33, 2020-01-14 14:00:54 GMT+8, 2020-01-14 14:08:33 GMT+8, 459, Transport, , 
2020-01-14 13:39:43, 2020-01-14 13:55:48, 2020-01-14 21:39:43 GMT+8, 2020-01-14 21:55:48 GMT+8, 965, Transport, , 
2020-01-14 16:59:12, 2020-01-15 00:00:03, 2020-01-15 00:59:12 GMT+8, 2020-01-15 08:00:03 GMT+8, 25251, Sleep, , 
2020-01-15 01:43:29, 2020-01-15 01:53:00, 2020-01-15 09:43:29 GMT+8, 2020-01-15 09:53:00 GMT+8, 571, Transport, , 
2020-01-15 04:02:51, 2020-01-15 04:08:45, 2020-01-15 12:02:51 GMT+8, 2020-01-15 12:08:45 GMT+8, 354, Transport, , 
2020-01-15 05:42:56, 2020-01-15 05:48:12, 2020-01-15 13:42:56 GMT+8, 2020-01-15 13:48:12 GMT+8, 316, Transport, , 
2020-01-15 10:20:14, 2020-01-15 10:32:42, 2020-01-15 18:20:14 GMT+8, 2020-01-15 18:32:42 GMT+8, 748, Transport, , 
2020-01-15 12:35:58, 2020-01-15 12:39:53, 2020-01-15 20:35:58 GMT+8, 2020-01-15 20:39:53 GMT+8, 235, Transport, , 
2020-01-15 14:35:03, 2020-01-15 14:49:25, 2020-01-15 22:35:03 GMT+8, 2020-01-15 22:49:25 GMT+8, 862, Transport, , 
2020-01-15 16:57:32, 2020-01-16 00:00:05, 2020-01-16 00:57:32 GMT+8, 2020-01-16 08:00:05 GMT+8, 25353, Sleep, , 
2020-01-16 01:46:42, 2020-01-16 01:59:00, 2020-01-16 09:46:42 GMT+8, 2020-01-16 09:59:00 GMT+8, 738, Transport, , 
2020-01-16 03:24:34, 2020-01-16 03:36:33, 2020-01-16 11:24:34 GMT+8, 2020-01-16 11:36:33 GMT+8, 719, Walk, , 
2020-01-16 05:32:19, 2020-01-16 05:37:41, 2020-01-16 13:32:19 GMT+8, 2020-01-16 13:37:41 GMT+8, 322, Walk, , 
2020-01-16 10:37:50, 2020-01-16 11:00:44, 2020-01-16 18:37:50 GMT+8, 2020-01-16 19:00:44 GMT+8, 1374, Transport, , 
2020-01-16 13:46:37, 2020-01-16 13:49:30, 2020-01-16 21:46:37 GMT+8, 2020-01-16 21:49:30 GMT+8, 173, Walk, , 
2020-01-16 13:49:31, 2020-01-16 14:05:24, 2020-01-16 21:49:31 GMT+8, 2020-01-16 22:05:24 GMT+8, 953, Transport, , 
2020-01-16 16:21:55, 2020-01-17 00:00:06, 2020-01-17 00:21:55 GMT+8, 2020-01-17 08:00:06 GMT+8, 27491, Sleep, , 
2020-01-17 02:22:35, 2020-01-17 02:34:48, 2020-01-17 10:22:35 GMT+8, 2020-01-17 10:34:48 GMT+8, 733, Transport, , 
2020-01-17 05:27:54, 2020-01-17 05:38:13, 2020-01-17 13:27:54 GMT+8, 2020-01-17 13:38:13 GMT+8, 619, Transport, , 
2020-01-17 10:06:06, 2020-01-17 10:09:19, 2020-01-17 18:06:06 GMT+8, 2020-01-17 18:09:19 GMT+8, 193, Walk, , 
2020-01-17 10:09:20, 2020-01-17 10:17:20, 2020-01-17 18:09:20 GMT+8, 2020-01-17 18:17:20 GMT+8, 480, Transport, , 
2020-01-17 10:22:29, 2020-01-17 10:40:15, 2020-01-17 18:22:29 GMT+8, 2020-01-17 18:40:15 GMT+8, 1066, Transport, , 
2020-01-17 11:48:00, 2020-01-17 13:04:01, 2020-01-17 19:48:00 GMT+8, 2020-01-17 21:04:01 GMT+8, 4561, Transport, , 
2020-01-17 14:08:31, 2020-01-17 15:22:14, 2020-01-17 22:08:31 GMT+8, 2020-01-17 23:22:14 GMT+8, 4423, Flight, , 
2020-01-17 15:22:14, 2020-01-18 01:39:21, 2020-01-17 23:22:14 GMT+8, 2020-01-18 09:39:21 GMT+8, 37027, Flight, , 
2020-01-18 02:11:30, 2020-01-18 02:16:13, 2020-01-17 18:11:30 PST, 2020-01-17 18:16:13 PST, 283, Walk, , 
2020-01-18 03:35:25, 2020-01-18 03:44:30, 2020-01-17 19:35:25 PST, 2020-01-17 19:44:30 PST, 545, Transport, , 
2020-01-18 03:44:30, 2020-01-25 00:32:47, 2020-01-17 19:44:30 PST, 2020-01-24 16:32:47 PST, 593297, Home, , 
2020-01-18 12:48:19, 2020-01-18 17:22:15, 2020-01-18 04:48:19 PST, 2020-01-18 09:22:15 PST, 16436, Sleep, , 
2020-01-20 06:55:52, 2020-01-20 18:31:19, 2020-01-19 22:55:52 PST, 2020-01-20 10:31:19 PST, 41727, Sleep, , 
2020-01-21 04:00:00, 2020-01-21 16:25:36, 2020-01-20 20:00:00 PST, 2020-01-21 08:25:36 PST, 44736, Sleep, , 
2020-01-22 17:01:46, 2020-01-23 02:02:48, 2020-01-22 09:01:46 PST, 2020-01-22 18:02:48 PST, 32462, Sleep, , 
2020-01-23 17:07:40, 2020-01-24 02:07:13, 2020-01-23 09:07:40 PST, 2020-01-23 18:07:13 PST, 32373, Sleep, , 
